id,name,expired_date,purchase_price,selling_price,profit,quantity,batch_number,type,status,supplier_id,category_id,pharmacy_id,low,sold_quantity,active,in_stock
1,Doliprane 500mg,2025-09,107.4,120.07,12.67,84,MA-BATCH-99996,INJECTION,AVAILABLE,72,181,336,False,187,True,True
2,Doliprane 1000mg,2025-01,108.14,128.92,20.78,101,MA-BATCH-70902,CREAM,AVAILABLE,178,225,57,False,145,True,True
3,Augmentin 1g,2026-09,85.37,91.66,6.29,21,MA-BATCH-78468,SYRUP,AVAILABLE,470,89,31,False,55,True,True
4,Voltaren 50mg,2026-03,134.36,180.37,46.01,44,MA-BATCH-92201,INJECTION,AVAILABLE,71,360,92,False,74,True,True
5,Ventoline 100mcg,2027-01,19.85,74.59,54.74,136,MA-BATCH-66280,INJECTION,AVAILABLE,333,230,265,False,169,True,True
6,Ventoline 100mcg,2026-03,78.0,85.53,7.53,78,MA-BATCH-64914,SYRUP,AVAILABLE,650,308,393,False,432,True,True
7,Doliprane 1000mg,2027-04,174.45,185.34,10.89,22,MA-BATCH-57965,INJECTION,AVAILABLE,641,210,317,False,261,True,True
8,Ventoline 100mcg,2028-02,154.48,173.75,19.27,89,MA-BATCH-63717,CREAM,AVAILABLE,174,168,326,False,397,True,True
9,Ventoline 100mcg,2026-07,31.76,74.13,42.37,117,MA-BATCH-10497,CREAM,AVAILABLE,402,429,397,False,488,True,True
10,Smecta,2026-03,72.93,116.36,43.43,102,MA-BATCH-20038,CREAM,AVAILABLE,453,419,453,False,271,True,True
11,Aerius 5mg,2028-08,156.28,176.11,19.83,75,MA-BATCH-20553,DROPS,AVAILABLE,164,593,62,False,337,True,True
12,Smecta,2025-09,49.27,55.1,5.83,105,MA-BATCH-75614,CREAM,AVAILABLE,495,309,150,False,74,True,True
13,Smecta,2027-01,53.82,106.35,52.53,53,MA-BATCH-64955,DROPS,AVAILABLE,388,561,157,False,495,True,True
14,Aspegic 100mg,2027-10,33.23,43.01,9.78,110,MA-BATCH-56698,SYRUP,AVAILABLE,366,263,177,False,18,True,True
15,Aerius 5mg,2027-11,175.03,216.33,41.3,70,MA-BATCH-21526,TABLET,AVAILABLE,104,505,201,False,289,True,True
16,Aerius 5mg,2026-01,105.82,140.04,34.22,118,MA-BATCH-97646,INJECTION,AVAILABLE,240,315,231,False,182,True,True
17,Doliprane 500mg,2026-12,126.73,175.12,48.39,128,MA-BATCH-79236,CREAM,AVAILABLE,284,601,430,False,284,True,True
18,Aerius 5mg,2025-06,18.83,46.11,27.28,66,MA-BATCH-22889,TABLET,AVAILABLE,45,187,94,False,92,True,True
19,Rhinathiol,2027-02,149.5,174.91,25.41,50,MA-BATCH-34443,SYRUP,AVAILABLE,31,122,412,False,36,True,True
20,Aerius 5mg,2028-01,66.31,112.23,45.92,135,MA-BATCH-41420,INJECTION,AVAILABLE,146,103,518,False,207,True,True
21,Augmentin 1g,2025-12,23.72,31.93,8.21,41,MA-BATCH-23767,CREAM,AVAILABLE,458,564,51,False,51,True,True
22,Azix 500mg,2026-05,29.76,49.94,20.18,3,MA-BATCH-72238,TABLET,AVAILABLE,247,110,509,True,392,True,True
23,Rhinathiol,2028-01,31.32,81.56,50.24,142,MA-BATCH-23757,DROPS,AVAILABLE,398,160,364,False,360,True,True
24,Voltaren 50mg,2027-02,133.02,191.8,58.78,13,MA-BATCH-94936,CAPSULE,AVAILABLE,652,478,537,False,178,True,True
25,Ventoline 100mcg,2025-04,158.11,213.78,55.67,30,MA-BATCH-54659,SYRUP,AVAILABLE,346,543,170,False,371,True,True
26,Aspegic 100mg,2028-09,34.7,65.69,30.99,42,MA-BATCH-10453,INJECTION,AVAILABLE,141,480,58,False,376,True,True
27,Doliprane 1000mg,2025-07,52.41,63.57,11.16,106,MA-BATCH-82420,DROPS,AVAILABLE,525,114,482,False,437,True,True
28,Ventoline 100mcg,2028-05,40.51,94.67,54.16,150,MA-BATCH-74279,TABLET,AVAILABLE,549,203,497,False,183,True,True
29,Dafalgan 1g,2025-01,153.19,160.41,7.22,107,MA-BATCH-47590,CREAM,AVAILABLE,16,563,376,False,411,True,True
30,Dafalgan 1g,2025-01,73.06,125.75,52.69,128,MA-BATCH-95371,CAPSULE,AVAILABLE,301,199,139,False,119,True,True
31,Voltaren 50mg,2025-07,159.6,217.62,58.02,41,MA-BATCH-14987,INJECTION,AVAILABLE,617,392,361,False,443,True,True
32,Rhinathiol,2025-07,90.22,117.13,26.91,120,MA-BATCH-67997,DROPS,AVAILABLE,366,68,448,False,327,True,True
33,Spasfon,2026-02,128.87,147.39,18.52,93,MA-BATCH-17198,DROPS,AVAILABLE,119,417,306,False,431,True,True
34,Augmentin 1g,2025-04,38.96,47.96,9.0,122,MA-BATCH-57707,TABLET,AVAILABLE,665,536,265,False,467,True,True
35,Amoxil 500mg,2025-10,143.99,164.5,20.51,54,MA-BATCH-39115,CREAM,AVAILABLE,141,296,300,False,267,True,True
36,Paracetamol Cooper,2025-12,25.88,32.18,6.3,77,MA-BATCH-88733,TABLET,AVAILABLE,16,324,235,False,33,True,True
37,Aspegic 100mg,2028-08,39.31,64.57,25.26,18,MA-BATCH-57805,DROPS,AVAILABLE,564,398,298,False,216,True,True
38,Amoxil 500mg,2026-05,132.63,151.11,18.48,84,MA-BATCH-21890,TABLET,AVAILABLE,4,334,18,False,429,True,True
39,Rhinathiol,2028-05,34.55,81.41,46.86,127,MA-BATCH-30377,INJECTION,AVAILABLE,518,600,435,False,448,True,True
40,Aspegic 100mg,2027-06,173.26,195.86,22.6,63,MA-BATCH-24570,SYRUP,AVAILABLE,560,79,460,False,474,True,True
41,Spasfon,2026-10,96.29,145.68,49.39,34,MA-BATCH-83765,INJECTION,AVAILABLE,519,101,350,False,195,True,True
42,Augmentin 1g,2028-03,57.83,83.53,25.7,11,MA-BATCH-60246,TABLET,AVAILABLE,158,303,300,False,232,True,True
43,Rhinathiol,2027-07,140.13,191.47,51.34,94,MA-BATCH-70630,INJECTION,AVAILABLE,145,38,367,False,43,True,True
44,Ventoline 100mcg,2025-09,87.85,94.35,6.5,52,MA-BATCH-26056,CAPSULE,AVAILABLE,394,270,493,False,282,True,True
45,Doliprane 500mg,2025-04,179.16,225.56,46.4,123,MA-BATCH-73789,CAPSULE,AVAILABLE,315,234,543,False,18,True,True
46,Amoxil 500mg,2025-05,143.09,196.97,53.88,75,MA-BATCH-52508,DROPS,AVAILABLE,471,186,393,False,35,True,True
47,Amoxil 500mg,2028-11,41.73,56.23,14.5,66,MA-BATCH-62799,SYRUP,AVAILABLE,462,191,529,False,436,True,True
48,Dafalgan 1g,2028-05,64.54,72.05,7.51,106,MA-BATCH-11348,INJECTION,AVAILABLE,669,387,212,False,83,True,True
49,Aspegic 100mg,2027-04,93.91,102.63,8.72,52,MA-BATCH-81891,INJECTION,AVAILABLE,488,428,142,False,193,True,True
50,Amoxil 500mg,2028-12,114.62,131.6,16.98,135,MA-BATCH-72283,CREAM,AVAILABLE,54,417,31,False,418,True,True
51,Magne B6,2028-10,58.44,113.96,55.52,133,MA-BATCH-40638,SYRUP,AVAILABLE,59,343,380,False,408,True,True
52,Augmentin 1g,2026-08,53.83,59.16,5.33,6,MA-BATCH-85721,INJECTION,AVAILABLE,86,336,461,False,229,True,True
53,Magne B6,2026-11,172.0,219.71,47.71,80,MA-BATCH-52161,INJECTION,AVAILABLE,462,60,486,False,266,True,True
54,Dafalgan 1g,2027-05,113.24,143.73,30.49,86,MA-BATCH-67191,TABLET,AVAILABLE,601,29,248,False,435,True,True
55,Aerius 5mg,2028-04,143.91,163.19,19.28,46,MA-BATCH-62748,DROPS,AVAILABLE,134,467,212,False,102,True,True
56,Doliprane 500mg,2028-02,24.84,39.52,14.68,37,MA-BATCH-19831,INJECTION,AVAILABLE,380,502,437,False,320,True,True
57,Rhinathiol,2026-01,34.91,66.96,32.05,108,MA-BATCH-48604,SYRUP,AVAILABLE,632,557,381,False,68,True,True
58,Spasfon,2026-01,62.68,113.72,51.04,103,MA-BATCH-33032,TABLET,AVAILABLE,436,593,9,False,116,True,True
59,Aspegic 100mg,2025-03,111.44,160.8,49.36,47,MA-BATCH-64160,CREAM,AVAILABLE,563,15,98,False,465,True,True
60,Doliprane 1000mg,2028-02,58.91,101.23,42.32,68,MA-BATCH-65352,CREAM,AVAILABLE,26,74,462,False,247,True,True
61,Azix 500mg,2025-07,160.78,207.55,46.77,55,MA-BATCH-35430,INJECTION,AVAILABLE,41,351,12,False,491,True,True
62,Aerius 5mg,2026-07,20.43,57.51,37.08,53,MA-BATCH-70140,SYRUP,AVAILABLE,260,287,386,False,305,True,True
63,Smecta,2026-10,51.94,63.16,11.22,112,MA-BATCH-68143,INJECTION,AVAILABLE,248,569,6,False,286,True,True
64,Doliprane 1000mg,2027-05,51.68,87.64,35.96,101,MA-BATCH-30483,CAPSULE,AVAILABLE,631,564,333,False,65,True,True
65,Aspegic 100mg,2026-08,130.32,147.36,17.04,57,MA-BATCH-30709,INJECTION,AVAILABLE,185,554,90,False,91,True,True
66,Magne B6,2026-06,162.64,174.12,11.48,99,MA-BATCH-16259,CAPSULE,AVAILABLE,577,440,61,False,74,True,True
67,Spasfon,2028-11,152.02,196.54,44.52,115,MA-BATCH-32497,INJECTION,AVAILABLE,171,567,312,False,192,True,True
68,Ventoline 100mcg,2027-01,176.24,213.59,37.35,67,MA-BATCH-10074,CREAM,AVAILABLE,560,446,309,False,427,True,True
69,Dafalgan 1g,2028-01,15.46,61.61,46.15,93,MA-BATCH-15845,CREAM,AVAILABLE,11,106,176,False,314,True,True
70,Azix 500mg,2027-05,22.67,37.91,15.24,19,MA-BATCH-41220,CREAM,AVAILABLE,34,287,266,False,287,True,True
71,Spasfon,2026-03,109.45,116.35,6.9,57,MA-BATCH-35221,SYRUP,AVAILABLE,212,178,7,False,500,True,True
72,Azix 500mg,2026-06,42.68,67.34,24.66,10,MA-BATCH-95455,CAPSULE,AVAILABLE,353,61,117,False,326,True,True
73,Rhinathiol,2027-06,160.98,178.42,17.44,86,MA-BATCH-99515,TABLET,AVAILABLE,232,415,517,False,426,True,True
74,Augmentin 1g,2026-04,106.47,142.28,35.81,53,MA-BATCH-31260,CAPSULE,AVAILABLE,253,404,168,False,313,True,True
75,Voltaren 50mg,2025-06,85.41,90.81,5.4,137,MA-BATCH-80564,DROPS,AVAILABLE,237,126,130,False,435,True,True
76,Azix 500mg,2025-03,174.38,194.2,19.82,69,MA-BATCH-85993,TABLET,AVAILABLE,455,342,403,False,170,True,True
77,Dafalgan 1g,2025-02,164.77,203.42,38.65,34,MA-BATCH-41814,INJECTION,AVAILABLE,412,203,78,False,256,True,True
78,Azix 500mg,2026-02,90.86,128.2,37.34,71,MA-BATCH-11951,INJECTION,AVAILABLE,187,610,275,False,338,True,True
79,Rhinathiol,2027-10,30.33,46.5,16.17,114,MA-BATCH-22817,CREAM,AVAILABLE,136,186,406,False,238,True,True
80,Aspegic 100mg,2027-04,27.54,45.14,17.6,123,MA-BATCH-62531,SYRUP,AVAILABLE,434,281,485,False,173,True,True
81,Doliprane 500mg,2027-07,39.94,91.86,51.92,102,MA-BATCH-28594,DROPS,AVAILABLE,27,436,124,False,239,True,True
82,Aspegic 100mg,2026-11,148.43,166.0,17.57,1,MA-BATCH-79867,CAPSULE,AVAILABLE,323,141,277,True,41,True,True
83,Augmentin 1g,2027-12,46.52,90.3,43.78,16,MA-BATCH-53498,CAPSULE,AVAILABLE,11,326,97,False,148,True,True
84,Augmentin 1g,2025-05,49.63,97.08,47.45,25,MA-BATCH-97318,TABLET,AVAILABLE,530,453,497,False,479,True,True
85,Dafalgan 1g,2028-10,112.56,152.63,40.07,66,MA-BATCH-59068,DROPS,AVAILABLE,258,135,158,False,57,True,True
86,Azix 500mg,2027-12,97.78,115.77,17.99,65,MA-BATCH-80739,TABLET,AVAILABLE,605,185,8,False,164,True,True
87,Magne B6,2028-08,142.32,173.89,31.57,10,MA-BATCH-60096,CREAM,AVAILABLE,204,214,241,False,397,True,True
88,Doliprane 500mg,2028-06,43.08,80.51,37.43,142,MA-BATCH-56919,CREAM,AVAILABLE,59,170,349,False,249,True,True
89,Azix 500mg,2027-01,133.21,174.81,41.6,110,MA-BATCH-78126,CAPSULE,AVAILABLE,652,516,368,False,386,True,True
90,Aspegic 100mg,2026-06,102.0,117.57,15.57,138,MA-BATCH-67310,DROPS,AVAILABLE,490,139,415,False,413,True,True
91,Dafalgan 1g,2028-08,43.36,89.04,45.68,68,MA-BATCH-96305,CREAM,AVAILABLE,173,372,313,False,483,True,True
92,Rhinathiol,2027-02,50.76,98.67,47.91,81,MA-BATCH-86756,INJECTION,AVAILABLE,173,569,163,False,98,True,True
93,Aspegic 100mg,2026-06,45.29,69.56,24.27,27,MA-BATCH-96990,DROPS,AVAILABLE,416,173,308,False,238,True,True
94,Magne B6,2027-03,43.4,71.02,27.62,150,MA-BATCH-11666,TABLET,AVAILABLE,174,167,252,False,482,True,True
95,Doliprane 1000mg,2026-10,60.13,80.94,20.81,146,MA-BATCH-11762,CREAM,AVAILABLE,671,428,404,False,97,True,True
96,Doliprane 1000mg,2028-07,152.19,181.58,29.39,34,MA-BATCH-44377,CAPSULE,AVAILABLE,54,595,370,False,230,True,True
97,Aspegic 100mg,2025-01,47.04,55.71,8.67,72,MA-BATCH-40356,CREAM,AVAILABLE,77,52,87,False,304,True,True
98,Dafalgan 1g,2026-03,51.23,76.62,25.39,51,MA-BATCH-49043,INJECTION,AVAILABLE,96,89,228,False,205,True,True
99,Dafalgan 1g,2025-09,155.61,198.83,43.22,107,MA-BATCH-70477,INJECTION,AVAILABLE,675,39,329,False,214,True,True
100,Paracetamol Cooper,2025-08,61.36,72.46,11.1,107,MA-BATCH-27013,INJECTION,AVAILABLE,289,224,539,False,375,True,True
101,Ventoline 100mcg,2027-04,170.0,175.57,5.57,146,MA-BATCH-32736,SYRUP,AVAILABLE,278,434,93,False,237,True,True
102,Aerius 5mg,2025-04,151.32,192.57,41.25,57,MA-BATCH-35982,INJECTION,AVAILABLE,118,13,266,False,154,True,True
103,Aspegic 100mg,2026-04,132.57,190.64,58.07,76,MA-BATCH-22994,INJECTION,AVAILABLE,358,283,295,False,69,True,True
104,Magne B6,2028-08,166.04,181.85,15.81,45,MA-BATCH-60903,CREAM,AVAILABLE,371,489,431,False,467,True,True
105,Smecta,2027-10,166.57,173.31,6.74,53,MA-BATCH-33600,CREAM,AVAILABLE,47,285,439,False,424,True,True
106,Amoxil 500mg,2025-09,26.46,49.49,23.03,87,MA-BATCH-67852,TABLET,AVAILABLE,89,507,194,False,98,True,True
107,Augmentin 1g,2027-09,64.46,79.51,15.05,43,MA-BATCH-68365,CAPSULE,AVAILABLE,274,274,80,False,403,True,True
108,Rhinathiol,2028-06,96.87,113.92,17.05,88,MA-BATCH-35738,CREAM,AVAILABLE,399,587,262,False,239,True,True
109,Rhinathiol,2027-05,109.09,168.95,59.86,42,MA-BATCH-80263,CAPSULE,AVAILABLE,231,388,141,False,224,True,True
110,Amoxil 500mg,2026-04,107.3,114.58,7.28,119,MA-BATCH-66868,DROPS,AVAILABLE,273,65,13,False,500,True,True
111,Azix 500mg,2027-11,15.53,39.17,23.64,128,MA-BATCH-51019,INJECTION,AVAILABLE,275,179,94,False,210,True,True
112,Rhinathiol,2025-10,134.81,152.71,17.9,4,MA-BATCH-38884,INJECTION,AVAILABLE,547,80,269,True,354,True,True
113,Augmentin 1g,2025-05,85.51,107.27,21.76,105,MA-BATCH-69717,CREAM,AVAILABLE,536,269,283,False,118,True,True
114,Rhinathiol,2025-09,90.41,117.2,26.79,96,MA-BATCH-69162,DROPS,AVAILABLE,360,426,263,False,468,True,True
115,Amoxil 500mg,2026-07,83.33,114.03,30.7,99,MA-BATCH-18800,CAPSULE,AVAILABLE,675,305,90,False,275,True,True
116,Dafalgan 1g,2025-01,76.51,109.97,33.46,146,MA-BATCH-69350,INJECTION,AVAILABLE,171,591,113,False,15,True,True
117,Aerius 5mg,2028-11,143.22,165.16,21.94,10,MA-BATCH-83675,INJECTION,AVAILABLE,21,298,242,False,196,True,True
118,Augmentin 1g,2027-01,82.96,136.49,53.53,8,MA-BATCH-42503,INJECTION,AVAILABLE,274,436,522,False,135,True,True
119,Aerius 5mg,2026-01,49.86,76.66,26.8,112,MA-BATCH-63025,INJECTION,AVAILABLE,124,562,139,False,103,True,True
120,Voltaren 50mg,2027-02,136.26,164.39,28.13,121,MA-BATCH-12116,CREAM,AVAILABLE,463,521,520,False,230,True,True
121,Ventoline 100mcg,2025-07,69.3,101.93,32.63,84,MA-BATCH-36902,CREAM,AVAILABLE,425,210,312,False,358,True,True
122,Doliprane 1000mg,2028-07,149.18,192.48,43.3,128,MA-BATCH-51276,DROPS,AVAILABLE,331,23,310,False,302,True,True
123,Magne B6,2025-05,37.78,88.34,50.56,116,MA-BATCH-83535,INJECTION,AVAILABLE,80,559,412,False,359,True,True
124,Aerius 5mg,2026-03,134.34,140.98,6.64,100,MA-BATCH-18020,TABLET,AVAILABLE,412,167,16,False,252,True,True
125,Aerius 5mg,2026-09,46.62,96.15,49.53,148,MA-BATCH-90702,TABLET,AVAILABLE,581,550,164,False,261,True,True
126,Ventoline 100mcg,2026-04,34.8,48.27,13.47,82,MA-BATCH-21853,INJECTION,AVAILABLE,7,547,434,False,431,True,True
127,Smecta,2028-10,152.03,190.62,38.59,43,MA-BATCH-30674,TABLET,AVAILABLE,212,606,549,False,361,True,True
128,Smecta,2026-06,172.36,190.25,17.89,22,MA-BATCH-93851,CREAM,AVAILABLE,20,116,290,False,193,True,True
129,Paracetamol Cooper,2028-01,142.89,181.47,38.58,107,MA-BATCH-88487,SYRUP,AVAILABLE,66,349,450,False,107,True,True
130,Augmentin 1g,2026-05,15.33,34.55,19.22,135,MA-BATCH-83585,CREAM,AVAILABLE,285,252,56,False,367,True,True
131,Amoxil 500mg,2028-12,39.21,92.15,52.94,19,MA-BATCH-24633,INJECTION,AVAILABLE,483,515,6,False,207,True,True
132,Doliprane 500mg,2026-11,119.61,177.07,57.46,69,MA-BATCH-55054,DROPS,AVAILABLE,541,594,54,False,62,True,True
133,Amoxil 500mg,2026-11,77.64,129.44,51.8,148,MA-BATCH-22209,CAPSULE,AVAILABLE,2,205,460,False,406,True,True
134,Smecta,2028-11,22.65,53.83,31.18,39,MA-BATCH-15574,INJECTION,AVAILABLE,50,209,32,False,272,True,True
135,Paracetamol Cooper,2028-03,118.8,125.53,6.73,16,MA-BATCH-29689,CREAM,AVAILABLE,170,616,425,False,291,True,True
136,Spasfon,2027-09,43.69,96.55,52.86,75,MA-BATCH-13957,DROPS,AVAILABLE,20,469,151,False,274,True,True
137,Magne B6,2026-11,98.76,135.63,36.87,86,MA-BATCH-71201,DROPS,AVAILABLE,283,91,78,False,224,True,True
138,Dafalgan 1g,2028-02,104.07,132.33,28.26,28,MA-BATCH-71898,INJECTION,AVAILABLE,402,136,16,False,295,True,True
139,Doliprane 500mg,2026-10,20.46,32.8,12.34,4,MA-BATCH-69806,TABLET,AVAILABLE,651,180,432,True,109,True,True
140,Spasfon,2027-04,125.97,179.5,53.53,71,MA-BATCH-87969,INJECTION,AVAILABLE,646,189,260,False,181,True,True
141,Dafalgan 1g,2025-02,179.72,222.15,42.43,124,MA-BATCH-11435,DROPS,AVAILABLE,303,147,306,False,93,True,True
142,Doliprane 500mg,2025-10,123.51,149.08,25.57,104,MA-BATCH-30474,SYRUP,AVAILABLE,470,373,255,False,14,True,True
143,Aerius 5mg,2028-07,45.14,100.16,55.02,145,MA-BATCH-17706,SYRUP,AVAILABLE,625,386,460,False,10,True,True
144,Dafalgan 1g,2028-06,36.76,83.24,46.48,62,MA-BATCH-50414,TABLET,AVAILABLE,361,364,228,False,367,True,True
145,Rhinathiol,2028-06,141.08,160.15,19.07,20,MA-BATCH-46488,DROPS,AVAILABLE,17,249,410,False,433,True,True
146,Spasfon,2026-02,130.78,182.0,51.22,130,MA-BATCH-84705,INJECTION,AVAILABLE,511,255,531,False,199,True,True
147,Dafalgan 1g,2026-04,60.61,104.79,44.18,105,MA-BATCH-40254,INJECTION,AVAILABLE,40,391,413,False,423,True,True
148,Voltaren 50mg,2028-05,91.49,139.14,47.65,135,MA-BATCH-19658,SYRUP,AVAILABLE,382,596,318,False,300,True,True
149,Doliprane 1000mg,2026-12,149.74,207.97,58.23,44,MA-BATCH-43629,SYRUP,AVAILABLE,620,538,397,False,104,True,True
150,Paracetamol Cooper,2025-07,42.35,69.94,27.59,32,MA-BATCH-62186,TABLET,AVAILABLE,465,583,418,False,100,True,True
151,Spasfon,2026-04,46.21,70.17,23.96,39,MA-BATCH-82462,DROPS,AVAILABLE,489,410,528,False,247,True,True
152,Doliprane 1000mg,2027-07,132.17,161.97,29.8,47,MA-BATCH-49466,TABLET,AVAILABLE,253,261,538,False,98,True,True
153,Spasfon,2026-02,23.06,80.17,57.11,64,MA-BATCH-36233,CREAM,AVAILABLE,541,195,87,False,89,True,True
154,Smecta,2025-02,178.52,205.65,27.13,7,MA-BATCH-48992,TABLET,AVAILABLE,669,478,409,False,85,True,True
155,Magne B6,2027-12,153.61,198.45,44.84,17,MA-BATCH-96682,SYRUP,AVAILABLE,35,292,73,False,121,True,True
156,Dafalgan 1g,2028-06,64.59,70.51,5.92,132,MA-BATCH-93305,CREAM,AVAILABLE,482,136,34,False,312,True,True
157,Dafalgan 1g,2028-05,116.13,145.04,28.91,83,MA-BATCH-97441,DROPS,AVAILABLE,139,304,12,False,178,True,True
158,Dafalgan 1g,2025-09,117.48,161.5,44.02,38,MA-BATCH-40609,CAPSULE,AVAILABLE,238,32,497,False,228,True,True
159,Azix 500mg,2027-09,85.64,142.47,56.83,26,MA-BATCH-91322,INJECTION,AVAILABLE,129,583,35,False,342,True,True
160,Doliprane 500mg,2026-01,177.98,203.33,25.35,136,MA-BATCH-72109,DROPS,AVAILABLE,374,252,3,False,239,True,True
161,Spasfon,2028-10,116.59,144.09,27.5,134,MA-BATCH-72952,SYRUP,AVAILABLE,668,298,7,False,168,True,True
162,Aspegic 100mg,2027-02,55.9,112.57,56.67,125,MA-BATCH-31412,CAPSULE,AVAILABLE,231,75,199,False,256,True,True
163,Doliprane 1000mg,2025-01,123.98,146.35,22.37,103,MA-BATCH-75038,INJECTION,AVAILABLE,508,202,174,False,47,True,True
164,Doliprane 500mg,2026-07,96.89,155.28,58.39,15,MA-BATCH-85444,DROPS,AVAILABLE,184,47,151,False,365,True,True
165,Augmentin 1g,2025-10,70.03,109.24,39.21,149,MA-BATCH-77585,INJECTION,AVAILABLE,199,216,471,False,30,True,True
166,Aerius 5mg,2027-05,46.33,91.58,45.25,75,MA-BATCH-68792,CAPSULE,AVAILABLE,564,1,278,False,262,True,True
167,Rhinathiol,2028-03,86.16,115.58,29.42,136,MA-BATCH-39555,CAPSULE,AVAILABLE,68,6,482,False,221,True,True
168,Doliprane 1000mg,2028-11,68.02,115.78,47.76,18,MA-BATCH-83054,CAPSULE,AVAILABLE,92,495,245,False,346,True,True
169,Spasfon,2025-05,42.47,77.07,34.6,88,MA-BATCH-60269,SYRUP,AVAILABLE,262,38,76,False,295,True,True
170,Aspegic 100mg,2027-09,146.14,179.13,32.99,88,MA-BATCH-20361,DROPS,AVAILABLE,98,329,463,False,143,True,True
171,Voltaren 50mg,2027-04,59.76,108.8,49.04,100,MA-BATCH-97347,TABLET,AVAILABLE,408,49,504,False,430,True,True
172,Aspegic 100mg,2026-01,93.01,100.79,7.78,2,MA-BATCH-50826,CAPSULE,AVAILABLE,320,121,283,True,19,True,True
173,Doliprane 500mg,2026-03,179.09,197.77,18.68,139,MA-BATCH-80730,TABLET,AVAILABLE,215,603,392,False,211,True,True
174,Spasfon,2026-09,141.88,189.07,47.19,10,MA-BATCH-81301,CREAM,AVAILABLE,409,286,22,False,347,True,True
175,Dafalgan 1g,2028-06,88.39,123.12,34.73,38,MA-BATCH-89702,DROPS,AVAILABLE,347,93,392,False,154,True,True
176,Augmentin 1g,2026-12,129.19,173.2,44.01,52,MA-BATCH-54898,DROPS,AVAILABLE,428,136,205,False,38,True,True
177,Aerius 5mg,2027-05,168.87,207.14,38.27,119,MA-BATCH-12708,CREAM,AVAILABLE,520,55,443,False,259,True,True
178,Voltaren 50mg,2028-01,22.02,66.61,44.59,142,MA-BATCH-32044,TABLET,AVAILABLE,121,614,95,False,286,True,True
179,Doliprane 500mg,2026-02,153.45,203.68,50.23,72,MA-BATCH-36174,DROPS,AVAILABLE,149,400,388,False,61,True,True
180,Doliprane 1000mg,2027-09,30.88,65.42,34.54,141,MA-BATCH-54945,SYRUP,AVAILABLE,409,247,191,False,346,True,True
181,Ventoline 100mcg,2025-05,34.69,72.36,37.67,103,MA-BATCH-99619,DROPS,AVAILABLE,163,151,19,False,170,True,True
182,Smecta,2028-08,52.27,107.04,54.77,1,MA-BATCH-57626,DROPS,AVAILABLE,286,304,492,True,381,True,True
183,Azix 500mg,2026-11,130.21,178.66,48.45,136,MA-BATCH-35780,TABLET,AVAILABLE,455,66,297,False,209,True,True
184,Augmentin 1g,2027-12,138.07,188.33,50.26,146,MA-BATCH-85573,CAPSULE,AVAILABLE,432,498,397,False,218,True,True
185,Rhinathiol,2027-12,36.82,64.23,27.41,63,MA-BATCH-85526,INJECTION,AVAILABLE,3,373,238,False,16,True,True
186,Dafalgan 1g,2027-01,37.75,63.89,26.14,136,MA-BATCH-59017,INJECTION,AVAILABLE,569,460,7,False,120,True,True
187,Paracetamol Cooper,2027-01,164.63,198.06,33.43,12,MA-BATCH-40999,TABLET,AVAILABLE,406,406,245,False,232,True,True
188,Magne B6,2025-11,151.82,177.22,25.4,33,MA-BATCH-66221,CAPSULE,AVAILABLE,9,559,124,False,15,True,True
189,Rhinathiol,2026-01,156.83,194.1,37.27,30,MA-BATCH-41097,DROPS,AVAILABLE,30,147,374,False,79,True,True
190,Rhinathiol,2026-08,18.85,38.28,19.43,40,MA-BATCH-58631,CREAM,AVAILABLE,479,612,376,False,128,True,True
191,Doliprane 1000mg,2028-01,156.48,193.08,36.6,47,MA-BATCH-91694,DROPS,AVAILABLE,547,441,45,False,78,True,True
192,Spasfon,2027-11,157.4,187.89,30.49,126,MA-BATCH-43788,CAPSULE,AVAILABLE,646,605,141,False,32,True,True
193,Augmentin 1g,2027-06,67.64,113.73,46.09,72,MA-BATCH-77344,TABLET,AVAILABLE,128,571,17,False,332,True,True
194,Spasfon,2027-11,107.57,152.08,44.51,99,MA-BATCH-79388,SYRUP,AVAILABLE,291,290,339,False,213,True,True
195,Doliprane 500mg,2027-03,176.76,190.39,13.63,42,MA-BATCH-74660,CREAM,AVAILABLE,507,54,323,False,368,True,True
196,Aerius 5mg,2025-07,82.22,87.88,5.66,104,MA-BATCH-28289,CAPSULE,AVAILABLE,555,434,32,False,239,True,True
197,Doliprane 1000mg,2028-07,16.73,46.42,29.69,39,MA-BATCH-27181,SYRUP,AVAILABLE,362,65,375,False,268,True,True
198,Ventoline 100mcg,2025-02,75.25,84.16,8.91,50,MA-BATCH-40198,DROPS,AVAILABLE,651,93,434,False,264,True,True
199,Ventoline 100mcg,2027-09,148.48,170.86,22.38,13,MA-BATCH-84983,TABLET,AVAILABLE,383,133,184,False,140,True,True
200,Voltaren 50mg,2027-08,64.87,81.38,16.51,83,MA-BATCH-44779,TABLET,AVAILABLE,385,271,375,False,119,True,True
201,Aspegic 100mg,2025-06,31.02,80.66,49.64,119,MA-BATCH-70323,TABLET,AVAILABLE,587,82,538,False,336,True,True
202,Augmentin 1g,2028-10,109.97,136.85,26.88,76,MA-BATCH-66319,CAPSULE,AVAILABLE,398,127,241,False,109,True,True
203,Magne B6,2027-11,160.38,204.62,44.24,126,MA-BATCH-83343,INJECTION,AVAILABLE,406,561,8,False,201,True,True
204,Aspegic 100mg,2026-12,128.3,136.0,7.7,47,MA-BATCH-72687,INJECTION,AVAILABLE,91,556,272,False,135,True,True
205,Doliprane 1000mg,2026-03,156.16,205.47,49.31,25,MA-BATCH-89098,CAPSULE,AVAILABLE,443,501,248,False,121,True,True
206,Dafalgan 1g,2026-11,46.29,96.25,49.96,122,MA-BATCH-37568,CREAM,AVAILABLE,415,297,266,False,30,True,True
207,Rhinathiol,2027-04,45.7,81.54,35.84,34,MA-BATCH-31478,INJECTION,AVAILABLE,472,386,192,False,142,True,True
208,Aspegic 100mg,2026-04,42.28,73.32,31.04,60,MA-BATCH-80112,CAPSULE,AVAILABLE,668,145,48,False,79,True,True
209,Aspegic 100mg,2025-05,54.32,69.35,15.03,147,MA-BATCH-10017,TABLET,AVAILABLE,434,194,234,False,399,True,True
210,Smecta,2026-04,146.73,180.12,33.39,75,MA-BATCH-74833,DROPS,AVAILABLE,73,620,538,False,86,True,True
211,Aerius 5mg,2027-06,161.76,167.26,5.5,123,MA-BATCH-21023,CAPSULE,AVAILABLE,276,351,130,False,469,True,True
212,Voltaren 50mg,2027-07,79.19,134.51,55.32,113,MA-BATCH-89868,CREAM,AVAILABLE,72,207,227,False,73,True,True
213,Augmentin 1g,2027-04,19.86,64.27,44.41,100,MA-BATCH-98268,SYRUP,AVAILABLE,189,443,155,False,477,True,True
214,Doliprane 500mg,2026-04,36.17,65.89,29.72,119,MA-BATCH-64285,DROPS,AVAILABLE,519,35,408,False,215,True,True
215,Augmentin 1g,2028-01,168.22,213.38,45.16,7,MA-BATCH-83205,CAPSULE,AVAILABLE,54,244,388,False,418,True,True
216,Magne B6,2027-03,20.7,59.49,38.79,43,MA-BATCH-47704,TABLET,AVAILABLE,39,485,305,False,382,True,True
217,Magne B6,2025-11,23.85,78.23,54.38,69,MA-BATCH-66928,INJECTION,AVAILABLE,376,519,172,False,229,True,True
218,Aerius 5mg,2025-07,89.82,102.39,12.57,145,MA-BATCH-30958,TABLET,AVAILABLE,41,251,415,False,107,True,True
219,Paracetamol Cooper,2028-05,147.8,189.23,41.43,91,MA-BATCH-19302,CAPSULE,AVAILABLE,588,459,274,False,171,True,True
220,Azix 500mg,2025-09,113.18,153.69,40.51,53,MA-BATCH-38519,CREAM,AVAILABLE,585,497,285,False,441,True,True
221,Voltaren 50mg,2028-01,179.55,227.98,48.43,65,MA-BATCH-91293,CAPSULE,AVAILABLE,322,15,289,False,315,True,True
222,Smecta,2028-07,130.86,172.26,41.4,36,MA-BATCH-38374,SYRUP,AVAILABLE,135,228,264,False,467,True,True
223,Aerius 5mg,2025-11,77.87,90.06,12.19,40,MA-BATCH-23674,CAPSULE,AVAILABLE,631,296,348,False,126,True,True
224,Ventoline 100mcg,2026-11,56.49,61.71,5.22,18,MA-BATCH-67270,DROPS,AVAILABLE,168,141,198,False,428,True,True
225,Dafalgan 1g,2028-05,112.61,146.82,34.21,77,MA-BATCH-93489,SYRUP,AVAILABLE,350,408,473,False,392,True,True
226,Augmentin 1g,2026-03,98.16,130.2,32.04,131,MA-BATCH-69015,CREAM,AVAILABLE,659,560,495,False,39,True,True
227,Amoxil 500mg,2025-07,69.42,104.49,35.07,74,MA-BATCH-16484,INJECTION,AVAILABLE,79,205,262,False,304,True,True
228,Doliprane 1000mg,2027-07,121.0,148.04,27.04,119,MA-BATCH-99056,CAPSULE,AVAILABLE,528,439,455,False,329,True,True
229,Amoxil 500mg,2026-11,59.44,107.07,47.63,99,MA-BATCH-41646,TABLET,AVAILABLE,636,456,158,False,113,True,True
230,Azix 500mg,2025-10,80.17,91.73,11.56,139,MA-BATCH-28442,INJECTION,AVAILABLE,86,394,411,False,77,True,True
231,Ventoline 100mcg,2027-12,16.22,44.25,28.03,91,MA-BATCH-99703,CREAM,AVAILABLE,417,285,339,False,265,True,True
232,Rhinathiol,2027-06,124.81,158.56,33.75,102,MA-BATCH-56985,INJECTION,AVAILABLE,361,103,177,False,140,True,True
233,Amoxil 500mg,2025-07,92.59,112.69,20.1,1,MA-BATCH-68511,CAPSULE,AVAILABLE,534,425,544,True,448,True,True
234,Paracetamol Cooper,2025-07,36.91,79.49,42.58,91,MA-BATCH-56255,CAPSULE,AVAILABLE,333,110,158,False,99,True,True
235,Voltaren 50mg,2025-09,162.14,214.53,52.39,66,MA-BATCH-90166,INJECTION,AVAILABLE,304,6,148,False,420,True,True
236,Paracetamol Cooper,2028-09,154.92,171.01,16.09,135,MA-BATCH-12226,CREAM,AVAILABLE,239,326,482,False,454,True,True
237,Augmentin 1g,2026-07,21.91,30.4,8.49,5,MA-BATCH-15974,CREAM,AVAILABLE,306,275,158,True,479,True,True
238,Rhinathiol,2026-01,50.01,90.37,40.36,15,MA-BATCH-53618,DROPS,AVAILABLE,50,554,548,False,124,True,True
239,Smecta,2025-04,20.02,58.5,38.48,71,MA-BATCH-97552,CREAM,AVAILABLE,13,598,444,False,336,True,True
240,Aerius 5mg,2028-03,25.93,64.34,38.41,124,MA-BATCH-45748,CAPSULE,AVAILABLE,157,569,276,False,66,True,True
241,Spasfon,2025-05,49.61,76.02,26.41,69,MA-BATCH-15536,INJECTION,AVAILABLE,210,363,387,False,394,True,True
242,Spasfon,2025-10,129.06,150.51,21.45,130,MA-BATCH-75308,DROPS,AVAILABLE,655,229,258,False,356,True,True
243,Magne B6,2025-03,18.11,41.63,23.52,140,MA-BATCH-66648,TABLET,AVAILABLE,173,257,277,False,85,True,True
244,Spasfon,2026-02,122.36,171.84,49.48,11,MA-BATCH-79526,CREAM,AVAILABLE,144,341,534,False,153,True,True
245,Dafalgan 1g,2026-05,115.74,168.65,52.91,119,MA-BATCH-15356,SYRUP,AVAILABLE,99,578,451,False,350,True,True
246,Voltaren 50mg,2028-06,90.87,111.58,20.71,111,MA-BATCH-57880,TABLET,AVAILABLE,673,317,69,False,272,True,True
247,Doliprane 1000mg,2026-04,163.39,208.97,45.58,133,MA-BATCH-75648,CREAM,AVAILABLE,133,328,533,False,457,True,True
248,Paracetamol Cooper,2025-10,80.41,113.7,33.29,70,MA-BATCH-30863,SYRUP,AVAILABLE,663,226,173,False,466,True,True
249,Voltaren 50mg,2028-12,85.84,131.37,45.53,92,MA-BATCH-46693,SYRUP,AVAILABLE,471,431,493,False,159,True,True
250,Doliprane 1000mg,2026-12,168.14,184.68,16.54,113,MA-BATCH-60324,INJECTION,AVAILABLE,187,605,219,False,346,True,True
251,Rhinathiol,2027-02,174.49,229.8,55.31,22,MA-BATCH-79419,TABLET,AVAILABLE,480,554,513,False,86,True,True
252,Voltaren 50mg,2027-06,63.66,76.73,13.07,97,MA-BATCH-50948,INJECTION,AVAILABLE,638,562,24,False,487,True,True
253,Dafalgan 1g,2028-12,84.37,97.77,13.4,34,MA-BATCH-38844,DROPS,AVAILABLE,486,122,462,False,329,True,True
254,Ventoline 100mcg,2026-04,97.93,134.79,36.86,38,MA-BATCH-99038,CREAM,AVAILABLE,58,37,439,False,171,True,True
255,Magne B6,2028-01,150.95,203.96,53.01,138,MA-BATCH-82376,CAPSULE,AVAILABLE,478,458,331,False,370,True,True
256,Spasfon,2028-08,57.82,97.31,39.49,113,MA-BATCH-51140,SYRUP,AVAILABLE,608,538,80,False,429,True,True
257,Augmentin 1g,2028-12,159.96,194.92,34.96,10,MA-BATCH-70656,CREAM,AVAILABLE,68,362,67,False,174,True,True
258,Amoxil 500mg,2027-06,96.53,104.72,8.19,148,MA-BATCH-89760,DROPS,AVAILABLE,643,400,172,False,217,True,True
259,Augmentin 1g,2028-07,151.42,167.98,16.56,67,MA-BATCH-78829,TABLET,AVAILABLE,160,18,491,False,214,True,True
260,Doliprane 500mg,2025-03,28.08,46.16,18.08,102,MA-BATCH-92784,DROPS,AVAILABLE,618,29,342,False,387,True,True
261,Azix 500mg,2025-03,29.56,82.88,53.32,139,MA-BATCH-84327,DROPS,AVAILABLE,553,536,397,False,443,True,True
262,Magne B6,2026-01,123.18,170.11,46.93,130,MA-BATCH-74022,TABLET,AVAILABLE,412,398,38,False,457,True,True
263,Rhinathiol,2026-08,34.54,64.55,30.01,33,MA-BATCH-29232,CREAM,AVAILABLE,569,148,397,False,293,True,True
264,Smecta,2028-11,115.1,132.8,17.7,70,MA-BATCH-89622,INJECTION,AVAILABLE,48,249,324,False,32,True,True
265,Rhinathiol,2028-09,84.42,107.45,23.03,130,MA-BATCH-39528,SYRUP,AVAILABLE,347,363,457,False,16,True,True
266,Azix 500mg,2026-11,147.06,176.38,29.32,25,MA-BATCH-38576,TABLET,AVAILABLE,331,338,349,False,333,True,True
267,Azix 500mg,2028-11,22.05,73.48,51.43,81,MA-BATCH-14290,CAPSULE,AVAILABLE,131,96,538,False,254,True,True
268,Aerius 5mg,2027-12,116.95,159.1,42.15,56,MA-BATCH-46720,CAPSULE,AVAILABLE,46,319,377,False,270,True,True
269,Smecta,2027-02,103.67,114.43,10.76,19,MA-BATCH-73359,TABLET,AVAILABLE,668,105,157,False,489,True,True
270,Paracetamol Cooper,2025-04,52.43,93.08,40.65,82,MA-BATCH-80222,INJECTION,AVAILABLE,117,333,403,False,429,True,True
271,Magne B6,2025-10,169.17,203.53,34.36,19,MA-BATCH-67397,INJECTION,AVAILABLE,633,458,55,False,457,True,True
272,Paracetamol Cooper,2027-06,160.61,178.38,17.77,77,MA-BATCH-77158,CAPSULE,AVAILABLE,270,422,485,False,304,True,True
273,Aerius 5mg,2028-12,148.68,155.04,6.36,59,MA-BATCH-66003,CAPSULE,AVAILABLE,23,68,443,False,121,True,True
274,Amoxil 500mg,2026-08,169.71,208.43,38.72,122,MA-BATCH-96757,SYRUP,AVAILABLE,122,364,511,False,197,True,True
275,Doliprane 500mg,2028-04,89.75,145.18,55.43,37,MA-BATCH-76721,INJECTION,AVAILABLE,573,214,39,False,79,True,True
276,Magne B6,2027-12,108.21,118.09,9.88,143,MA-BATCH-49885,DROPS,AVAILABLE,168,233,233,False,99,True,True
277,Spasfon,2025-09,64.51,90.19,25.68,95,MA-BATCH-92159,DROPS,AVAILABLE,261,551,254,False,308,True,True
278,Smecta,2026-05,86.42,112.82,26.4,119,MA-BATCH-60371,INJECTION,AVAILABLE,261,399,181,False,382,True,True
279,Smecta,2027-09,35.18,81.05,45.87,146,MA-BATCH-95236,TABLET,AVAILABLE,643,499,275,False,389,True,True
280,Ventoline 100mcg,2028-02,168.76,224.86,56.1,29,MA-BATCH-10385,CAPSULE,AVAILABLE,14,166,170,False,49,True,True
281,Aerius 5mg,2025-11,99.75,109.92,10.17,144,MA-BATCH-47575,TABLET,AVAILABLE,234,308,281,False,351,True,True
282,Augmentin 1g,2027-09,94.12,137.57,43.45,14,MA-BATCH-73812,INJECTION,AVAILABLE,295,27,132,False,312,True,True
283,Magne B6,2028-05,148.71,200.98,52.27,137,MA-BATCH-93482,SYRUP,AVAILABLE,207,30,156,False,227,True,True
284,Aerius 5mg,2028-12,173.69,213.58,39.89,7,MA-BATCH-34532,TABLET,AVAILABLE,572,194,426,False,203,True,True
285,Paracetamol Cooper,2028-07,89.65,101.42,11.77,96,MA-BATCH-20218,TABLET,AVAILABLE,143,321,404,False,478,True,True
286,Dafalgan 1g,2026-03,54.68,69.24,14.56,8,MA-BATCH-99135,DROPS,AVAILABLE,226,276,41,False,47,True,True
287,Augmentin 1g,2028-09,163.44,179.92,16.48,112,MA-BATCH-65178,INJECTION,AVAILABLE,367,17,97,False,252,True,True
288,Smecta,2026-11,157.6,196.38,38.78,83,MA-BATCH-46186,INJECTION,AVAILABLE,124,281,301,False,23,True,True
289,Smecta,2025-08,116.77,133.39,16.62,89,MA-BATCH-61832,CAPSULE,AVAILABLE,445,315,144,False,454,True,True
290,Ventoline 100mcg,2028-04,148.49,198.24,49.75,28,MA-BATCH-26808,INJECTION,AVAILABLE,224,69,366,False,386,True,True
291,Rhinathiol,2027-10,164.26,190.24,25.98,85,MA-BATCH-30702,DROPS,AVAILABLE,188,498,450,False,202,True,True
292,Doliprane 1000mg,2027-10,155.38,174.83,19.45,23,MA-BATCH-13450,SYRUP,AVAILABLE,561,332,3,False,101,True,True
293,Rhinathiol,2026-05,137.59,160.99,23.4,16,MA-BATCH-47820,DROPS,AVAILABLE,262,563,409,False,256,True,True
294,Doliprane 1000mg,2026-10,38.21,72.55,34.34,137,MA-BATCH-49412,INJECTION,AVAILABLE,247,240,68,False,139,True,True
295,Ventoline 100mcg,2027-11,167.65,187.83,20.18,21,MA-BATCH-48326,CREAM,AVAILABLE,203,153,367,False,57,True,True
296,Amoxil 500mg,2028-09,33.89,77.21,43.32,150,MA-BATCH-71152,CREAM,AVAILABLE,325,219,66,False,78,True,True
297,Augmentin 1g,2027-05,159.35,164.79,5.44,3,MA-BATCH-67778,INJECTION,AVAILABLE,667,446,436,True,58,True,True
298,Doliprane 1000mg,2027-09,99.78,107.63,7.85,135,MA-BATCH-17834,TABLET,AVAILABLE,549,492,250,False,53,True,True
299,Smecta,2025-02,66.48,103.51,37.03,83,MA-BATCH-39994,INJECTION,AVAILABLE,493,548,423,False,97,True,True
300,Doliprane 500mg,2028-09,119.17,176.16,56.99,3,MA-BATCH-81931,INJECTION,AVAILABLE,100,47,416,True,333,True,True
301,Aerius 5mg,2027-08,101.54,129.82,28.28,32,MA-BATCH-16930,INJECTION,AVAILABLE,658,562,3,False,83,True,True
302,Doliprane 500mg,2026-12,157.51,207.72,50.21,50,MA-BATCH-58796,CAPSULE,AVAILABLE,184,201,13,False,216,True,True
303,Paracetamol Cooper,2026-09,20.48,35.64,15.16,13,MA-BATCH-53940,DROPS,AVAILABLE,344,20,335,False,478,True,True
304,Rhinathiol,2025-05,152.11,166.36,14.25,24,MA-BATCH-30106,TABLET,AVAILABLE,414,419,492,False,28,True,True
305,Doliprane 500mg,2026-01,32.01,41.16,9.15,81,MA-BATCH-62664,INJECTION,AVAILABLE,256,211,532,False,82,True,True
306,Spasfon,2025-01,36.24,88.15,51.91,71,MA-BATCH-40422,CREAM,AVAILABLE,134,189,181,False,34,True,True
307,Aspegic 100mg,2025-11,76.45,89.14,12.69,7,MA-BATCH-90471,TABLET,AVAILABLE,78,117,213,False,141,True,True
308,Augmentin 1g,2025-04,103.14,119.64,16.5,147,MA-BATCH-94114,SYRUP,AVAILABLE,373,186,530,False,203,True,True
309,Aspegic 100mg,2026-04,172.63,184.05,11.42,54,MA-BATCH-88342,CAPSULE,AVAILABLE,344,422,291,False,180,True,True
310,Rhinathiol,2028-05,35.83,57.57,21.74,128,MA-BATCH-49052,CREAM,AVAILABLE,454,439,6,False,98,True,True
311,Dafalgan 1g,2026-05,58.51,91.67,33.16,109,MA-BATCH-17144,DROPS,AVAILABLE,598,366,254,False,233,True,True
312,Magne B6,2026-05,138.81,178.83,40.02,121,MA-BATCH-85084,CREAM,AVAILABLE,653,370,182,False,328,True,True
313,Aspegic 100mg,2025-06,92.86,110.62,17.76,103,MA-BATCH-33273,INJECTION,AVAILABLE,414,380,341,False,298,True,True
314,Rhinathiol,2026-06,154.77,174.48,19.71,99,MA-BATCH-42281,DROPS,AVAILABLE,524,63,427,False,223,True,True
315,Paracetamol Cooper,2026-04,64.52,84.18,19.66,94,MA-BATCH-86232,DROPS,AVAILABLE,380,164,296,False,459,True,True
316,Aspegic 100mg,2028-07,87.85,147.43,59.58,69,MA-BATCH-51652,DROPS,AVAILABLE,239,347,214,False,297,True,True
317,Azix 500mg,2026-11,110.79,153.71,42.92,104,MA-BATCH-85574,CREAM,AVAILABLE,348,256,158,False,158,True,True
318,Dafalgan 1g,2028-10,48.42,103.51,55.09,99,MA-BATCH-49034,TABLET,AVAILABLE,347,487,84,False,90,True,True
319,Magne B6,2026-12,120.76,173.25,52.49,107,MA-BATCH-81703,SYRUP,AVAILABLE,332,278,218,False,491,True,True
320,Magne B6,2028-04,123.79,151.39,27.6,84,MA-BATCH-85726,TABLET,AVAILABLE,423,104,403,False,384,True,True
321,Voltaren 50mg,2026-10,103.84,125.12,21.28,120,MA-BATCH-81614,DROPS,AVAILABLE,80,426,99,False,191,True,True
322,Paracetamol Cooper,2025-02,156.97,199.03,42.06,128,MA-BATCH-77537,DROPS,AVAILABLE,202,473,91,False,24,True,True
323,Paracetamol Cooper,2028-03,55.4,87.74,32.34,53,MA-BATCH-17724,INJECTION,AVAILABLE,171,5,98,False,150,True,True
324,Azix 500mg,2025-09,103.49,131.79,28.3,123,MA-BATCH-28341,INJECTION,AVAILABLE,282,588,213,False,70,True,True
325,Voltaren 50mg,2028-04,36.75,48.49,11.74,73,MA-BATCH-49039,INJECTION,AVAILABLE,407,189,332,False,338,True,True
326,Aerius 5mg,2026-07,60.87,73.8,12.93,148,MA-BATCH-48867,CAPSULE,AVAILABLE,416,211,196,False,316,True,True
327,Augmentin 1g,2027-01,32.97,45.6,12.63,149,MA-BATCH-61827,CREAM,AVAILABLE,269,518,82,False,351,True,True
328,Ventoline 100mcg,2027-10,33.12,73.43,40.31,98,MA-BATCH-21590,CREAM,AVAILABLE,420,463,27,False,220,True,True
329,Voltaren 50mg,2027-04,127.52,162.81,35.29,55,MA-BATCH-24540,TABLET,AVAILABLE,108,399,111,False,96,True,True
330,Rhinathiol,2025-07,72.73,120.26,47.53,7,MA-BATCH-42361,CREAM,AVAILABLE,617,279,35,False,399,True,True
331,Augmentin 1g,2027-05,139.47,155.18,15.71,59,MA-BATCH-72421,DROPS,AVAILABLE,430,494,211,False,499,True,True
332,Aerius 5mg,2027-01,128.13,162.47,34.34,25,MA-BATCH-83839,CREAM,AVAILABLE,272,91,64,False,498,True,True
333,Smecta,2025-02,26.74,55.62,28.88,55,MA-BATCH-81356,TABLET,AVAILABLE,107,411,11,False,154,True,True
334,Aerius 5mg,2025-01,110.43,154.5,44.07,21,MA-BATCH-50835,DROPS,AVAILABLE,166,40,155,False,281,True,True
335,Azix 500mg,2025-07,107.7,161.19,53.49,106,MA-BATCH-81341,TABLET,AVAILABLE,75,617,41,False,136,True,True
336,Azix 500mg,2027-09,63.18,74.89,11.71,51,MA-BATCH-53139,CAPSULE,AVAILABLE,567,268,160,False,40,True,True
337,Ventoline 100mcg,2025-12,49.57,65.43,15.86,108,MA-BATCH-84117,DROPS,AVAILABLE,99,498,103,False,115,True,True
338,Doliprane 500mg,2027-08,166.93,192.95,26.02,20,MA-BATCH-21325,INJECTION,AVAILABLE,119,209,139,False,410,True,True
339,Smecta,2025-03,131.4,168.46,37.06,79,MA-BATCH-70808,DROPS,AVAILABLE,5,166,534,False,294,True,True
340,Aerius 5mg,2025-03,147.5,157.35,9.85,23,MA-BATCH-79942,INJECTION,AVAILABLE,648,307,325,False,79,True,True
341,Ventoline 100mcg,2026-07,164.93,221.29,56.36,19,MA-BATCH-76856,CAPSULE,AVAILABLE,503,390,302,False,450,True,True
342,Azix 500mg,2025-01,85.74,124.03,38.29,61,MA-BATCH-93512,INJECTION,AVAILABLE,309,114,389,False,72,True,True
343,Dafalgan 1g,2026-11,144.11,204.04,59.93,43,MA-BATCH-25593,CAPSULE,AVAILABLE,291,50,78,False,373,True,True
344,Paracetamol Cooper,2027-01,54.18,109.78,55.6,55,MA-BATCH-88225,DROPS,AVAILABLE,444,190,398,False,44,True,True
345,Spasfon,2027-03,82.08,101.01,18.93,88,MA-BATCH-33003,DROPS,AVAILABLE,509,320,77,False,11,True,True
346,Ventoline 100mcg,2025-12,37.92,62.9,24.98,124,MA-BATCH-86513,CREAM,AVAILABLE,612,283,534,False,279,True,True
347,Voltaren 50mg,2027-09,165.96,190.7,24.74,99,MA-BATCH-88365,SYRUP,AVAILABLE,60,32,379,False,64,True,True
348,Spasfon,2028-08,112.49,152.07,39.58,87,MA-BATCH-96954,INJECTION,AVAILABLE,214,375,373,False,408,True,True
349,Aspegic 100mg,2028-11,98.3,152.06,53.76,47,MA-BATCH-21327,INJECTION,AVAILABLE,160,400,414,False,78,True,True
350,Paracetamol Cooper,2025-05,140.47,165.36,24.89,93,MA-BATCH-11047,INJECTION,AVAILABLE,24,44,85,False,160,True,True
351,Doliprane 1000mg,2025-04,156.74,197.71,40.97,70,MA-BATCH-59554,CREAM,AVAILABLE,664,432,185,False,143,True,True
352,Doliprane 1000mg,2025-01,21.69,65.21,43.52,113,MA-BATCH-93646,INJECTION,AVAILABLE,419,555,61,False,354,True,True
353,Amoxil 500mg,2028-03,59.87,118.33,58.46,25,MA-BATCH-28444,TABLET,AVAILABLE,484,418,173,False,108,True,True
354,Augmentin 1g,2026-03,97.75,108.87,11.12,89,MA-BATCH-28720,CREAM,AVAILABLE,152,186,180,False,294,True,True
355,Aerius 5mg,2028-06,40.58,46.3,5.72,71,MA-BATCH-30387,CREAM,AVAILABLE,198,367,305,False,26,True,True
356,Voltaren 50mg,2027-08,15.21,25.28,10.07,141,MA-BATCH-25181,SYRUP,AVAILABLE,382,105,119,False,489,True,True
357,Rhinathiol,2026-06,55.64,97.33,41.69,80,MA-BATCH-68064,SYRUP,AVAILABLE,169,544,135,False,482,True,True
358,Magne B6,2027-02,151.23,199.77,48.54,111,MA-BATCH-97150,CAPSULE,AVAILABLE,502,570,42,False,316,True,True
359,Doliprane 1000mg,2026-09,140.26,174.09,33.83,7,MA-BATCH-19540,TABLET,AVAILABLE,308,105,295,False,475,True,True
360,Voltaren 50mg,2027-02,158.01,214.89,56.88,62,MA-BATCH-53636,SYRUP,AVAILABLE,523,98,269,False,157,True,True
361,Azix 500mg,2027-12,92.47,120.02,27.55,116,MA-BATCH-92419,SYRUP,AVAILABLE,564,38,180,False,53,True,True
362,Augmentin 1g,2025-07,120.86,162.94,42.08,57,MA-BATCH-55135,INJECTION,AVAILABLE,573,26,233,False,247,True,True
363,Aerius 5mg,2025-04,107.12,154.64,47.52,37,MA-BATCH-96593,CREAM,AVAILABLE,456,257,246,False,430,True,True
364,Amoxil 500mg,2027-06,133.88,171.67,37.79,3,MA-BATCH-52357,CAPSULE,AVAILABLE,505,382,314,True,367,True,True
365,Azix 500mg,2026-10,141.75,176.71,34.96,71,MA-BATCH-10086,INJECTION,AVAILABLE,618,441,51,False,363,True,True
366,Paracetamol Cooper,2028-01,64.18,118.34,54.16,133,MA-BATCH-18739,DROPS,AVAILABLE,50,398,340,False,225,True,True
367,Azix 500mg,2027-08,90.85,108.69,17.84,69,MA-BATCH-15666,TABLET,AVAILABLE,409,326,148,False,237,True,True
368,Voltaren 50mg,2025-05,83.37,139.32,55.95,107,MA-BATCH-82330,TABLET,AVAILABLE,144,367,226,False,335,True,True
369,Voltaren 50mg,2028-10,18.38,38.8,20.42,122,MA-BATCH-31067,DROPS,AVAILABLE,628,408,303,False,147,True,True
370,Rhinathiol,2026-06,64.71,112.27,47.56,127,MA-BATCH-11199,CREAM,AVAILABLE,289,189,247,False,390,True,True
371,Doliprane 1000mg,2027-09,38.24,57.02,18.78,54,MA-BATCH-14182,CAPSULE,AVAILABLE,82,466,130,False,167,True,True
372,Doliprane 500mg,2028-10,33.25,56.45,23.2,63,MA-BATCH-52942,CREAM,AVAILABLE,347,323,470,False,154,True,True
373,Aerius 5mg,2028-03,154.56,191.73,37.17,7,MA-BATCH-75403,CREAM,AVAILABLE,388,16,167,False,152,True,True
374,Magne B6,2026-04,42.15,72.02,29.87,61,MA-BATCH-28926,CREAM,AVAILABLE,347,615,299,False,193,True,True
375,Amoxil 500mg,2027-11,44.91,62.13,17.22,21,MA-BATCH-28258,CREAM,AVAILABLE,397,232,48,False,153,True,True
376,Azix 500mg,2028-03,18.34,68.89,50.55,111,MA-BATCH-90902,CREAM,AVAILABLE,93,454,162,False,60,True,True
377,Smecta,2026-01,95.09,152.41,57.32,35,MA-BATCH-21404,INJECTION,AVAILABLE,476,555,182,False,473,True,True
378,Voltaren 50mg,2028-07,34.67,77.32,42.65,45,MA-BATCH-37514,INJECTION,AVAILABLE,6,406,227,False,74,True,True
379,Voltaren 50mg,2025-04,150.2,196.53,46.33,55,MA-BATCH-30564,CREAM,AVAILABLE,47,310,545,False,409,True,True
380,Paracetamol Cooper,2026-01,169.71,194.42,24.71,47,MA-BATCH-22480,DROPS,AVAILABLE,600,50,109,False,305,True,True
381,Voltaren 50mg,2026-08,54.49,72.88,18.39,95,MA-BATCH-73860,TABLET,AVAILABLE,619,64,3,False,39,True,True
382,Doliprane 500mg,2027-07,121.61,136.72,15.11,148,MA-BATCH-59385,SYRUP,AVAILABLE,189,349,386,False,376,True,True
383,Aspegic 100mg,2025-09,133.46,153.9,20.44,126,MA-BATCH-58295,CAPSULE,AVAILABLE,615,317,3,False,382,True,True
384,Smecta,2026-01,89.17,149.03,59.86,36,MA-BATCH-55105,DROPS,AVAILABLE,223,140,240,False,52,True,True
385,Rhinathiol,2028-09,173.79,214.59,40.8,119,MA-BATCH-19891,CAPSULE,AVAILABLE,340,386,297,False,235,True,True
386,Doliprane 500mg,2025-12,136.1,187.18,51.08,113,MA-BATCH-90601,CAPSULE,AVAILABLE,362,201,107,False,481,True,True
387,Aspegic 100mg,2028-07,28.25,58.07,29.82,127,MA-BATCH-66100,CAPSULE,AVAILABLE,60,353,182,False,347,True,True
388,Doliprane 1000mg,2025-03,92.7,147.0,54.3,107,MA-BATCH-85431,SYRUP,AVAILABLE,568,89,329,False,254,True,True
389,Dafalgan 1g,2025-03,105.33,132.7,27.37,18,MA-BATCH-42231,TABLET,AVAILABLE,117,401,490,False,330,True,True
390,Aerius 5mg,2028-11,105.27,161.27,56.0,6,MA-BATCH-72629,DROPS,AVAILABLE,438,210,344,False,135,True,True
391,Spasfon,2025-09,37.35,53.26,15.91,124,MA-BATCH-86778,SYRUP,AVAILABLE,74,142,388,False,429,True,True
392,Augmentin 1g,2027-07,119.9,164.53,44.63,131,MA-BATCH-75271,TABLET,AVAILABLE,86,293,156,False,320,True,True
393,Aerius 5mg,2026-08,66.41,72.6,6.19,7,MA-BATCH-54125,SYRUP,AVAILABLE,584,551,153,False,457,True,True
394,Paracetamol Cooper,2026-05,55.14,98.49,43.35,53,MA-BATCH-55164,CREAM,AVAILABLE,675,515,390,False,204,True,True
395,Ventoline 100mcg,2027-02,116.08,128.05,11.97,122,MA-BATCH-96390,CREAM,AVAILABLE,207,509,423,False,185,True,True
396,Dafalgan 1g,2026-09,109.07,162.6,53.53,87,MA-BATCH-15405,TABLET,AVAILABLE,101,282,32,False,427,True,True
397,Dafalgan 1g,2028-05,78.99,103.41,24.42,109,MA-BATCH-66502,INJECTION,AVAILABLE,226,378,66,False,422,True,True
398,Augmentin 1g,2027-06,38.84,53.91,15.07,71,MA-BATCH-42624,INJECTION,AVAILABLE,375,402,322,False,486,True,True
399,Ventoline 100mcg,2027-09,138.98,177.73,38.75,105,MA-BATCH-77018,CAPSULE,AVAILABLE,603,437,164,False,94,True,True
400,Doliprane 1000mg,2027-02,60.98,110.1,49.12,73,MA-BATCH-50216,INJECTION,AVAILABLE,641,142,323,False,12,True,True
401,Paracetamol Cooper,2028-06,173.16,209.98,36.82,145,MA-BATCH-79970,CAPSULE,AVAILABLE,113,147,56,False,453,True,True
402,Ventoline 100mcg,2028-12,84.58,96.53,11.95,114,MA-BATCH-33504,CREAM,AVAILABLE,237,328,23,False,324,True,True
403,Doliprane 500mg,2027-03,87.74,135.51,47.77,65,MA-BATCH-27169,CREAM,AVAILABLE,113,309,448,False,454,True,True
404,Rhinathiol,2026-03,144.13,169.55,25.42,1,MA-BATCH-35674,CAPSULE,AVAILABLE,506,473,7,True,156,True,True
405,Spasfon,2028-03,165.27,223.76,58.49,145,MA-BATCH-25232,CREAM,AVAILABLE,299,54,470,False,22,True,True
406,Smecta,2026-02,48.6,89.34,40.74,135,MA-BATCH-69347,CREAM,AVAILABLE,148,249,198,False,237,True,True
407,Doliprane 500mg,2027-06,121.44,174.89,53.45,14,MA-BATCH-61735,INJECTION,AVAILABLE,410,456,13,False,212,True,True
408,Doliprane 1000mg,2028-04,47.53,87.19,39.66,35,MA-BATCH-24788,TABLET,AVAILABLE,142,156,28,False,430,True,True
409,Azix 500mg,2027-09,171.61,179.31,7.7,132,MA-BATCH-45182,SYRUP,AVAILABLE,398,260,209,False,114,True,True
410,Rhinathiol,2028-01,178.82,195.51,16.69,115,MA-BATCH-76782,SYRUP,AVAILABLE,554,620,416,False,265,True,True
411,Aerius 5mg,2028-01,134.42,174.52,40.1,52,MA-BATCH-53983,DROPS,AVAILABLE,260,293,446,False,458,True,True
412,Smecta,2027-07,166.14,178.46,12.32,143,MA-BATCH-84482,DROPS,AVAILABLE,54,117,193,False,84,True,True
413,Doliprane 1000mg,2026-06,58.16,83.49,25.33,23,MA-BATCH-95601,TABLET,AVAILABLE,80,111,340,False,159,True,True
414,Azix 500mg,2025-09,79.6,110.74,31.14,135,MA-BATCH-16394,SYRUP,AVAILABLE,537,522,37,False,156,True,True
415,Augmentin 1g,2025-05,57.12,65.87,8.75,72,MA-BATCH-18372,CAPSULE,AVAILABLE,416,395,522,False,184,True,True
416,Magne B6,2026-09,27.51,44.26,16.75,84,MA-BATCH-95790,TABLET,AVAILABLE,282,528,223,False,254,True,True
417,Doliprane 1000mg,2025-04,66.2,88.78,22.58,129,MA-BATCH-91849,DROPS,AVAILABLE,13,106,413,False,274,True,True
418,Aerius 5mg,2025-08,168.68,194.66,25.98,114,MA-BATCH-69087,CREAM,AVAILABLE,269,37,94,False,484,True,True
419,Azix 500mg,2025-07,115.35,128.86,13.51,118,MA-BATCH-89470,CREAM,AVAILABLE,573,210,496,False,369,True,True
420,Rhinathiol,2028-07,31.97,42.11,10.14,93,MA-BATCH-77811,INJECTION,AVAILABLE,116,88,482,False,433,True,True
421,Augmentin 1g,2026-11,152.21,181.33,29.12,148,MA-BATCH-30949,INJECTION,AVAILABLE,68,488,43,False,378,True,True
422,Augmentin 1g,2026-06,67.94,74.48,6.54,137,MA-BATCH-43499,CAPSULE,AVAILABLE,660,553,69,False,311,True,True
423,Spasfon,2027-04,72.38,95.37,22.99,38,MA-BATCH-41380,SYRUP,AVAILABLE,593,608,522,False,93,True,True
424,Azix 500mg,2025-08,61.58,87.91,26.33,36,MA-BATCH-73173,CAPSULE,AVAILABLE,573,45,69,False,358,True,True
425,Ventoline 100mcg,2028-09,69.49,119.28,49.79,108,MA-BATCH-89266,SYRUP,AVAILABLE,5,208,7,False,87,True,True
426,Ventoline 100mcg,2028-03,145.13,168.88,23.75,40,MA-BATCH-60364,INJECTION,AVAILABLE,607,574,228,False,140,True,True
427,Dafalgan 1g,2026-06,67.25,107.34,40.09,15,MA-BATCH-77876,CAPSULE,AVAILABLE,308,437,110,False,132,True,True
428,Azix 500mg,2025-09,15.73,50.67,34.94,48,MA-BATCH-83964,INJECTION,AVAILABLE,129,9,468,False,401,True,True
429,Ventoline 100mcg,2028-08,151.73,187.29,35.56,42,MA-BATCH-69753,DROPS,AVAILABLE,119,124,514,False,159,True,True
430,Doliprane 1000mg,2028-04,38.13,50.18,12.05,123,MA-BATCH-88976,TABLET,AVAILABLE,9,454,85,False,84,True,True
431,Smecta,2026-04,27.08,77.58,50.5,71,MA-BATCH-98491,CAPSULE,AVAILABLE,501,222,54,False,188,True,True
432,Rhinathiol,2028-02,136.91,168.5,31.59,114,MA-BATCH-91139,DROPS,AVAILABLE,438,124,487,False,65,True,True
433,Paracetamol Cooper,2027-07,77.07,121.11,44.04,111,MA-BATCH-69671,INJECTION,AVAILABLE,304,42,387,False,278,True,True
434,Voltaren 50mg,2025-01,156.02,171.73,15.71,68,MA-BATCH-58056,SYRUP,AVAILABLE,166,289,142,False,355,True,True
435,Augmentin 1g,2028-10,77.68,121.88,44.2,50,MA-BATCH-33894,SYRUP,AVAILABLE,91,594,78,False,399,True,True
436,Spasfon,2028-01,57.63,116.75,59.12,3,MA-BATCH-47291,INJECTION,AVAILABLE,250,432,52,True,400,True,True
437,Azix 500mg,2025-02,33.81,65.92,32.11,150,MA-BATCH-53090,TABLET,AVAILABLE,99,45,71,False,213,True,True
438,Amoxil 500mg,2025-01,131.96,186.98,55.02,107,MA-BATCH-14285,SYRUP,AVAILABLE,411,358,214,False,352,True,True
439,Azix 500mg,2028-09,58.17,88.95,30.78,86,MA-BATCH-36647,SYRUP,AVAILABLE,327,296,520,False,266,True,True
440,Smecta,2026-02,132.77,157.47,24.7,22,MA-BATCH-84770,INJECTION,AVAILABLE,484,584,94,False,428,True,True
441,Paracetamol Cooper,2028-11,56.6,74.94,18.34,129,MA-BATCH-47176,DROPS,AVAILABLE,246,160,24,False,458,True,True
442,Paracetamol Cooper,2026-11,49.27,106.1,56.83,126,MA-BATCH-65480,CAPSULE,AVAILABLE,150,531,146,False,168,True,True
443,Dafalgan 1g,2028-11,79.82,103.14,23.32,42,MA-BATCH-48023,TABLET,AVAILABLE,41,36,145,False,20,True,True
444,Aspegic 100mg,2027-11,105.11,146.63,41.52,22,MA-BATCH-59412,TABLET,AVAILABLE,328,89,25,False,296,True,True
445,Paracetamol Cooper,2028-02,141.34,161.73,20.39,36,MA-BATCH-95419,SYRUP,AVAILABLE,59,203,241,False,173,True,True
446,Aspegic 100mg,2028-10,163.27,214.75,51.48,55,MA-BATCH-36315,TABLET,AVAILABLE,92,60,59,False,379,True,True
447,Amoxil 500mg,2026-02,21.22,29.1,7.88,150,MA-BATCH-68113,CREAM,AVAILABLE,117,4,318,False,447,True,True
448,Aspegic 100mg,2026-06,150.95,209.14,58.19,44,MA-BATCH-46527,TABLET,AVAILABLE,344,557,185,False,329,True,True
449,Aspegic 100mg,2025-05,127.69,166.88,39.19,58,MA-BATCH-38917,DROPS,AVAILABLE,455,428,435,False,55,True,True
450,Rhinathiol,2025-09,55.0,82.96,27.96,43,MA-BATCH-20793,SYRUP,AVAILABLE,141,440,533,False,44,True,True
451,Azix 500mg,2027-08,72.55,131.68,59.13,146,MA-BATCH-43611,INJECTION,AVAILABLE,4,356,226,False,47,True,True
452,Magne B6,2025-06,178.93,231.4,52.47,22,MA-BATCH-81890,SYRUP,AVAILABLE,251,9,444,False,264,True,True
453,Doliprane 500mg,2027-03,168.43,206.69,38.26,128,MA-BATCH-83098,CREAM,AVAILABLE,128,316,144,False,351,True,True
454,Doliprane 1000mg,2027-11,84.66,102.46,17.8,104,MA-BATCH-23611,INJECTION,AVAILABLE,498,438,491,False,363,True,True
455,Magne B6,2028-03,158.02,191.02,33.0,122,MA-BATCH-79569,CREAM,AVAILABLE,222,419,242,False,231,True,True
456,Aspegic 100mg,2025-02,104.88,159.71,54.83,91,MA-BATCH-95818,INJECTION,AVAILABLE,656,166,471,False,483,True,True
457,Paracetamol Cooper,2028-07,81.25,118.82,37.57,47,MA-BATCH-68176,CREAM,AVAILABLE,528,12,200,False,239,True,True
458,Dafalgan 1g,2027-03,121.19,130.9,9.71,101,MA-BATCH-82128,DROPS,AVAILABLE,617,551,1,False,247,True,True
459,Spasfon,2025-03,63.09,100.2,37.11,81,MA-BATCH-54747,CREAM,AVAILABLE,489,492,477,False,87,True,True
460,Doliprane 1000mg,2028-05,86.58,145.18,58.6,126,MA-BATCH-81964,SYRUP,AVAILABLE,571,379,545,False,22,True,True
461,Doliprane 500mg,2025-08,67.32,123.16,55.84,74,MA-BATCH-60794,CAPSULE,AVAILABLE,495,565,193,False,302,True,True
462,Rhinathiol,2028-06,26.55,76.81,50.26,90,MA-BATCH-22165,CREAM,AVAILABLE,546,452,83,False,341,True,True
463,Doliprane 1000mg,2028-01,33.83,92.56,58.73,134,MA-BATCH-95391,CAPSULE,AVAILABLE,45,5,189,False,144,True,True
464,Aerius 5mg,2028-09,59.51,103.23,43.72,46,MA-BATCH-74392,CAPSULE,AVAILABLE,655,475,51,False,330,True,True
465,Doliprane 500mg,2026-01,53.43,59.35,5.92,36,MA-BATCH-23326,DROPS,AVAILABLE,154,349,14,False,42,True,True
466,Dafalgan 1g,2028-05,121.22,147.75,26.53,9,MA-BATCH-84923,TABLET,AVAILABLE,412,616,353,False,86,True,True
467,Augmentin 1g,2028-10,179.25,193.16,13.91,48,MA-BATCH-25606,DROPS,AVAILABLE,575,17,394,False,96,True,True
468,Dafalgan 1g,2026-01,161.26,167.01,5.75,127,MA-BATCH-44298,SYRUP,AVAILABLE,395,434,143,False,142,True,True
469,Rhinathiol,2026-08,130.79,167.37,36.58,93,MA-BATCH-93238,CAPSULE,AVAILABLE,26,335,507,False,462,True,True
470,Magne B6,2027-07,144.01,154.07,10.06,70,MA-BATCH-88323,CAPSULE,AVAILABLE,418,508,262,False,35,True,True
471,Magne B6,2026-06,133.86,168.71,34.85,126,MA-BATCH-49836,CAPSULE,AVAILABLE,382,225,261,False,179,True,True
472,Azix 500mg,2028-06,134.55,154.99,20.44,109,MA-BATCH-77385,SYRUP,AVAILABLE,275,519,204,False,412,True,True
473,Amoxil 500mg,2027-11,63.95,109.73,45.78,58,MA-BATCH-66224,DROPS,AVAILABLE,164,427,507,False,120,True,True
474,Dafalgan 1g,2027-04,86.64,113.18,26.54,76,MA-BATCH-13840,DROPS,AVAILABLE,472,485,374,False,278,True,True
475,Rhinathiol,2026-03,92.71,148.55,55.84,74,MA-BATCH-95255,INJECTION,AVAILABLE,625,575,224,False,346,True,True
476,Aspegic 100mg,2028-10,151.8,170.65,18.85,62,MA-BATCH-54199,CREAM,AVAILABLE,33,365,25,False,400,True,True
477,Doliprane 1000mg,2027-12,134.47,156.28,21.81,15,MA-BATCH-88103,SYRUP,AVAILABLE,545,276,411,False,247,True,True
478,Smecta,2028-04,42.26,92.51,50.25,13,MA-BATCH-32572,CREAM,AVAILABLE,201,581,47,False,366,True,True
479,Spasfon,2026-10,92.13,109.63,17.5,125,MA-BATCH-45342,DROPS,AVAILABLE,354,5,248,False,297,True,True
480,Spasfon,2027-09,167.69,176.18,8.49,35,MA-BATCH-24409,CAPSULE,AVAILABLE,40,136,5,False,163,True,True
481,Augmentin 1g,2025-05,178.76,185.03,6.27,47,MA-BATCH-55012,SYRUP,AVAILABLE,67,143,476,False,315,True,True
482,Voltaren 50mg,2026-08,58.7,101.31,42.61,59,MA-BATCH-53333,SYRUP,AVAILABLE,81,103,115,False,82,True,True
483,Paracetamol Cooper,2027-03,54.44,78.83,24.39,7,MA-BATCH-56919,SYRUP,AVAILABLE,472,271,153,False,292,True,True
484,Aspegic 100mg,2027-02,86.63,128.79,42.16,46,MA-BATCH-16699,CREAM,AVAILABLE,373,508,229,False,280,True,True
485,Spasfon,2027-05,46.75,91.07,44.32,89,MA-BATCH-20518,CAPSULE,AVAILABLE,648,442,42,False,418,True,True
486,Doliprane 500mg,2026-06,114.6,169.59,54.99,20,MA-BATCH-20275,INJECTION,AVAILABLE,312,353,367,False,170,True,True
487,Dafalgan 1g,2025-07,139.71,156.81,17.1,116,MA-BATCH-72115,SYRUP,AVAILABLE,557,111,426,False,243,True,True
488,Aerius 5mg,2025-03,47.97,77.29,29.32,98,MA-BATCH-21386,DROPS,AVAILABLE,326,488,384,False,226,True,True
489,Azix 500mg,2028-05,133.66,180.6,46.94,42,MA-BATCH-23304,SYRUP,AVAILABLE,435,30,527,False,141,True,True
490,Doliprane 1000mg,2028-03,101.74,134.85,33.11,113,MA-BATCH-87221,CREAM,AVAILABLE,61,435,240,False,52,True,True
491,Voltaren 50mg,2026-10,114.58,143.31,28.73,5,MA-BATCH-54043,TABLET,AVAILABLE,447,506,61,True,169,True,True
492,Azix 500mg,2026-03,70.37,114.55,44.18,138,MA-BATCH-98759,DROPS,AVAILABLE,429,452,234,False,356,True,True
493,Aerius 5mg,2027-04,147.63,204.75,57.12,55,MA-BATCH-79601,CREAM,AVAILABLE,544,40,316,False,267,True,True
494,Dafalgan 1g,2026-01,71.79,128.26,56.47,74,MA-BATCH-58404,CREAM,AVAILABLE,249,411,305,False,197,True,True
495,Augmentin 1g,2026-12,22.62,64.99,42.37,141,MA-BATCH-24033,SYRUP,AVAILABLE,262,136,483,False,195,True,True
496,Voltaren 50mg,2026-10,141.57,170.86,29.29,119,MA-BATCH-18378,TABLET,AVAILABLE,340,300,25,False,393,True,True
497,Smecta,2026-11,62.06,81.29,19.23,21,MA-BATCH-42601,INJECTION,AVAILABLE,630,382,231,False,478,True,True
498,Doliprane 500mg,2028-08,146.26,200.02,53.76,40,MA-BATCH-98893,DROPS,AVAILABLE,110,329,17,False,218,True,True
499,Azix 500mg,2026-07,39.27,76.42,37.15,119,MA-BATCH-54529,TABLET,AVAILABLE,463,219,166,False,270,True,True
500,Amoxil 500mg,2025-12,33.4,61.9,28.5,21,MA-BATCH-74116,SYRUP,AVAILABLE,634,160,161,False,60,True,True
501,Ventoline 100mcg,2025-06,112.96,131.5,18.54,145,MA-BATCH-38551,DROPS,AVAILABLE,472,446,496,False,68,True,True
502,Doliprane 1000mg,2028-08,142.52,167.26,24.74,144,MA-BATCH-67943,DROPS,AVAILABLE,300,355,83,False,201,True,True
503,Doliprane 1000mg,2027-01,157.46,165.57,8.11,70,MA-BATCH-33275,TABLET,AVAILABLE,135,387,534,False,134,True,True
504,Smecta,2026-12,107.48,143.0,35.52,8,MA-BATCH-93617,CAPSULE,AVAILABLE,57,175,324,False,267,True,True
505,Rhinathiol,2026-11,80.96,127.83,46.87,12,MA-BATCH-16229,CAPSULE,AVAILABLE,9,620,211,False,149,True,True
506,Doliprane 500mg,2027-11,82.33,125.27,42.94,89,MA-BATCH-80316,DROPS,AVAILABLE,150,246,435,False,287,True,True
507,Dafalgan 1g,2026-08,98.32,105.78,7.46,62,MA-BATCH-19394,TABLET,AVAILABLE,322,103,250,False,135,True,True
508,Dafalgan 1g,2027-03,61.33,69.64,8.31,139,MA-BATCH-10382,TABLET,AVAILABLE,241,549,174,False,195,True,True
509,Aspegic 100mg,2026-11,146.36,160.92,14.56,140,MA-BATCH-20065,DROPS,AVAILABLE,397,536,125,False,380,True,True
510,Amoxil 500mg,2025-04,143.66,171.27,27.61,106,MA-BATCH-84100,DROPS,AVAILABLE,89,491,252,False,387,True,True
511,Ventoline 100mcg,2027-11,77.76,83.45,5.69,130,MA-BATCH-66152,INJECTION,AVAILABLE,189,48,44,False,21,True,True
512,Azix 500mg,2025-08,73.34,82.78,9.44,25,MA-BATCH-11158,INJECTION,AVAILABLE,117,445,248,False,147,True,True
513,Dafalgan 1g,2027-02,107.5,160.42,52.92,7,MA-BATCH-38402,INJECTION,AVAILABLE,7,542,381,False,51,True,True
514,Smecta,2025-10,141.18,194.7,53.52,149,MA-BATCH-94224,CAPSULE,AVAILABLE,371,266,373,False,225,True,True
515,Paracetamol Cooper,2027-06,114.91,127.71,12.8,101,MA-BATCH-25058,CREAM,AVAILABLE,191,465,439,False,265,True,True
516,Aerius 5mg,2028-03,27.91,57.07,29.16,29,MA-BATCH-65791,SYRUP,AVAILABLE,599,363,411,False,64,True,True
517,Augmentin 1g,2028-09,37.19,64.28,27.09,97,MA-BATCH-13310,CAPSULE,AVAILABLE,373,507,213,False,244,True,True
518,Smecta,2028-12,31.24,66.19,34.95,134,MA-BATCH-16099,SYRUP,AVAILABLE,144,223,296,False,351,True,True
519,Dafalgan 1g,2028-07,77.83,86.62,8.79,76,MA-BATCH-74780,INJECTION,AVAILABLE,210,224,1,False,161,True,True
520,Magne B6,2028-02,171.99,183.06,11.07,117,MA-BATCH-49084,SYRUP,AVAILABLE,642,105,384,False,105,True,True
521,Azix 500mg,2028-04,63.76,81.23,17.47,101,MA-BATCH-64481,CAPSULE,AVAILABLE,491,28,257,False,208,True,True
522,Amoxil 500mg,2028-10,66.68,101.31,34.63,144,MA-BATCH-73312,TABLET,AVAILABLE,222,387,237,False,11,True,True
523,Aspegic 100mg,2026-07,19.67,54.44,34.77,124,MA-BATCH-39755,DROPS,AVAILABLE,81,353,186,False,392,True,True
524,Azix 500mg,2026-08,172.09,219.96,47.87,29,MA-BATCH-17556,INJECTION,AVAILABLE,338,613,229,False,153,True,True
525,Azix 500mg,2028-12,25.63,80.56,54.93,12,MA-BATCH-99861,SYRUP,AVAILABLE,593,97,84,False,288,True,True
526,Doliprane 500mg,2027-08,89.52,101.58,12.06,40,MA-BATCH-77973,SYRUP,AVAILABLE,21,90,550,False,68,True,True
527,Spasfon,2025-08,88.65,125.74,37.09,102,MA-BATCH-98754,INJECTION,AVAILABLE,539,534,259,False,436,True,True
528,Voltaren 50mg,2028-10,110.13,164.32,54.19,148,MA-BATCH-17455,CAPSULE,AVAILABLE,166,139,110,False,261,True,True
529,Spasfon,2027-07,35.5,55.85,20.35,104,MA-BATCH-77735,DROPS,AVAILABLE,98,567,548,False,349,True,True
530,Ventoline 100mcg,2028-02,31.83,88.56,56.73,2,MA-BATCH-37690,DROPS,AVAILABLE,321,417,250,True,58,True,True
531,Ventoline 100mcg,2026-10,178.87,194.88,16.01,24,MA-BATCH-58040,CAPSULE,AVAILABLE,460,183,425,False,62,True,True
532,Azix 500mg,2026-08,84.06,105.84,21.78,105,MA-BATCH-83472,CREAM,AVAILABLE,73,91,217,False,279,True,True
533,Amoxil 500mg,2025-07,155.74,199.82,44.08,148,MA-BATCH-31848,DROPS,AVAILABLE,49,117,213,False,339,True,True
534,Augmentin 1g,2028-06,150.84,183.32,32.48,109,MA-BATCH-99557,DROPS,AVAILABLE,176,118,399,False,123,True,True
535,Doliprane 500mg,2025-04,147.41,190.42,43.01,107,MA-BATCH-71630,CREAM,AVAILABLE,540,338,275,False,306,True,True
536,Ventoline 100mcg,2025-04,21.04,72.67,51.63,79,MA-BATCH-98153,SYRUP,AVAILABLE,616,366,303,False,200,True,True
537,Paracetamol Cooper,2027-12,100.12,123.43,23.31,57,MA-BATCH-40725,DROPS,AVAILABLE,613,601,127,False,88,True,True
538,Azix 500mg,2026-03,94.5,114.81,20.31,55,MA-BATCH-52225,CAPSULE,AVAILABLE,109,449,279,False,45,True,True
539,Azix 500mg,2027-09,152.55,196.08,43.53,47,MA-BATCH-18751,DROPS,AVAILABLE,261,506,432,False,469,True,True
540,Rhinathiol,2026-07,44.62,101.05,56.43,46,MA-BATCH-14891,TABLET,AVAILABLE,556,405,239,False,302,True,True
541,Rhinathiol,2026-12,113.71,138.4,24.69,25,MA-BATCH-82726,CAPSULE,AVAILABLE,326,240,97,False,170,True,True
542,Voltaren 50mg,2025-08,79.29,126.97,47.68,62,MA-BATCH-62421,CREAM,AVAILABLE,678,346,48,False,343,True,True
543,Amoxil 500mg,2027-10,111.88,155.15,43.27,78,MA-BATCH-70924,SYRUP,AVAILABLE,645,285,33,False,297,True,True
544,Ventoline 100mcg,2025-08,177.57,216.19,38.62,45,MA-BATCH-93368,SYRUP,AVAILABLE,337,96,429,False,215,True,True
545,Ventoline 100mcg,2026-10,98.86,107.52,8.66,52,MA-BATCH-35180,INJECTION,AVAILABLE,464,30,490,False,364,True,True
546,Aspegic 100mg,2027-01,37.45,68.79,31.34,57,MA-BATCH-33626,CAPSULE,AVAILABLE,136,176,175,False,386,True,True
547,Paracetamol Cooper,2026-01,155.41,175.28,19.87,134,MA-BATCH-98304,SYRUP,AVAILABLE,190,241,445,False,170,True,True
548,Rhinathiol,2025-11,65.91,71.7,5.79,139,MA-BATCH-50632,CAPSULE,AVAILABLE,275,173,304,False,399,True,True
549,Magne B6,2026-11,175.38,228.37,52.99,69,MA-BATCH-14039,SYRUP,AVAILABLE,287,251,377,False,13,True,True
550,Azix 500mg,2027-12,130.12,152.04,21.92,105,MA-BATCH-21909,TABLET,AVAILABLE,528,437,67,False,182,True,True
551,Smecta,2027-02,83.73,103.8,20.07,147,MA-BATCH-74879,CAPSULE,AVAILABLE,198,553,67,False,469,True,True
552,Aerius 5mg,2026-05,46.77,53.91,7.14,79,MA-BATCH-52570,TABLET,AVAILABLE,649,58,521,False,475,True,True
553,Magne B6,2025-01,151.07,177.27,26.2,19,MA-BATCH-36166,CAPSULE,AVAILABLE,393,328,274,False,102,True,True
554,Dafalgan 1g,2025-11,138.64,176.29,37.65,44,MA-BATCH-41701,INJECTION,AVAILABLE,392,391,444,False,308,True,True
555,Spasfon,2026-10,124.55,184.49,59.94,44,MA-BATCH-40635,SYRUP,AVAILABLE,551,393,96,False,301,True,True
556,Magne B6,2026-10,56.26,107.17,50.91,138,MA-BATCH-12128,CREAM,AVAILABLE,237,313,130,False,153,True,True
557,Paracetamol Cooper,2025-07,122.86,175.09,52.23,75,MA-BATCH-98257,SYRUP,AVAILABLE,525,193,277,False,219,True,True
558,Smecta,2026-04,46.57,95.9,49.33,132,MA-BATCH-37353,INJECTION,AVAILABLE,380,105,540,False,205,True,True
559,Rhinathiol,2028-06,86.97,125.65,38.68,9,MA-BATCH-47744,SYRUP,AVAILABLE,292,256,181,False,206,True,True
560,Doliprane 1000mg,2027-06,170.72,227.68,56.96,141,MA-BATCH-68951,CAPSULE,AVAILABLE,210,349,23,False,305,True,True
561,Smecta,2027-10,157.22,171.19,13.97,143,MA-BATCH-72862,DROPS,AVAILABLE,9,255,438,False,423,True,True
562,Augmentin 1g,2027-06,164.21,217.26,53.05,108,MA-BATCH-52299,CREAM,AVAILABLE,99,482,415,False,178,True,True
563,Doliprane 1000mg,2026-01,22.39,52.57,30.18,140,MA-BATCH-87583,CREAM,AVAILABLE,349,281,140,False,291,True,True
564,Aspegic 100mg,2027-12,98.93,128.97,30.04,70,MA-BATCH-90022,DROPS,AVAILABLE,412,387,529,False,232,True,True
565,Doliprane 1000mg,2027-08,85.9,123.3,37.4,148,MA-BATCH-63553,DROPS,AVAILABLE,110,469,23,False,456,True,True
566,Aerius 5mg,2025-02,157.44,209.47,52.03,149,MA-BATCH-44191,CREAM,AVAILABLE,451,85,83,False,23,True,True
567,Azix 500mg,2027-12,173.96,190.78,16.82,134,MA-BATCH-68724,TABLET,AVAILABLE,345,402,492,False,434,True,True
568,Spasfon,2025-11,74.15,102.92,28.77,83,MA-BATCH-20036,CREAM,AVAILABLE,518,433,21,False,361,True,True
569,Azix 500mg,2027-10,30.83,62.86,32.03,74,MA-BATCH-99534,SYRUP,AVAILABLE,210,291,213,False,198,True,True
570,Azix 500mg,2027-01,115.76,155.94,40.18,111,MA-BATCH-46469,CAPSULE,AVAILABLE,18,344,419,False,219,True,True
571,Smecta,2028-06,156.38,193.09,36.71,58,MA-BATCH-15971,SYRUP,AVAILABLE,271,183,446,False,46,True,True
572,Rhinathiol,2026-06,92.82,136.49,43.67,150,MA-BATCH-68419,TABLET,AVAILABLE,308,35,134,False,179,True,True
573,Ventoline 100mcg,2027-12,24.19,76.61,52.42,61,MA-BATCH-66076,DROPS,AVAILABLE,177,386,309,False,273,True,True
574,Magne B6,2026-09,178.8,187.72,8.92,105,MA-BATCH-47686,CREAM,AVAILABLE,251,417,54,False,353,True,True
575,Aspegic 100mg,2026-01,78.58,101.35,22.77,89,MA-BATCH-21086,TABLET,AVAILABLE,82,145,450,False,291,True,True
576,Rhinathiol,2026-01,110.39,148.45,38.06,21,MA-BATCH-48528,DROPS,AVAILABLE,516,378,151,False,474,True,True
577,Paracetamol Cooper,2027-09,158.26,202.21,43.95,117,MA-BATCH-72239,TABLET,AVAILABLE,222,397,336,False,222,True,True
578,Smecta,2026-05,39.2,96.19,56.99,108,MA-BATCH-99129,CAPSULE,AVAILABLE,217,610,265,False,216,True,True
579,Amoxil 500mg,2026-02,98.93,136.81,37.88,62,MA-BATCH-19429,DROPS,AVAILABLE,155,201,228,False,199,True,True
580,Azix 500mg,2025-08,87.56,115.75,28.19,122,MA-BATCH-38814,TABLET,AVAILABLE,458,309,287,False,453,True,True
581,Paracetamol Cooper,2026-11,73.96,104.35,30.39,109,MA-BATCH-27813,INJECTION,AVAILABLE,251,402,456,False,285,True,True
582,Smecta,2028-08,66.67,73.93,7.26,141,MA-BATCH-74984,CAPSULE,AVAILABLE,628,280,294,False,342,True,True
583,Voltaren 50mg,2027-03,54.51,75.2,20.69,128,MA-BATCH-56418,SYRUP,AVAILABLE,457,471,260,False,459,True,True
584,Ventoline 100mcg,2028-07,151.26,157.77,6.51,61,MA-BATCH-65036,CREAM,AVAILABLE,487,289,26,False,145,True,True
585,Spasfon,2028-08,158.9,165.14,6.24,122,MA-BATCH-20553,CAPSULE,AVAILABLE,612,456,360,False,112,True,True
586,Rhinathiol,2026-11,64.18,73.36,9.18,120,MA-BATCH-37257,TABLET,AVAILABLE,637,603,60,False,413,True,True
587,Doliprane 1000mg,2027-12,20.33,64.8,44.47,146,MA-BATCH-63613,CAPSULE,AVAILABLE,408,366,519,False,86,True,True
588,Amoxil 500mg,2027-04,54.96,75.94,20.98,67,MA-BATCH-53716,DROPS,AVAILABLE,673,433,375,False,135,True,True
589,Paracetamol Cooper,2026-07,71.42,86.34,14.92,51,MA-BATCH-14180,DROPS,AVAILABLE,14,38,267,False,248,True,True
590,Aspegic 100mg,2025-01,19.77,79.74,59.97,20,MA-BATCH-42180,CAPSULE,AVAILABLE,599,371,432,False,49,True,True
591,Doliprane 500mg,2028-06,27.98,70.9,42.92,128,MA-BATCH-21372,CREAM,AVAILABLE,105,326,515,False,120,True,True
592,Doliprane 500mg,2028-07,138.56,168.19,29.63,70,MA-BATCH-50889,DROPS,AVAILABLE,314,482,460,False,227,True,True
593,Doliprane 1000mg,2028-11,167.35,200.44,33.09,104,MA-BATCH-46787,DROPS,AVAILABLE,473,598,422,False,214,True,True
594,Voltaren 50mg,2026-12,125.75,177.97,52.22,98,MA-BATCH-12073,DROPS,AVAILABLE,382,137,378,False,216,True,True
595,Magne B6,2025-09,71.61,109.63,38.02,95,MA-BATCH-91110,TABLET,AVAILABLE,283,169,239,False,364,True,True
596,Paracetamol Cooper,2026-08,53.21,98.36,45.15,147,MA-BATCH-47456,TABLET,AVAILABLE,324,285,493,False,358,True,True
597,Smecta,2026-02,54.92,89.35,34.43,44,MA-BATCH-17182,CAPSULE,AVAILABLE,69,222,91,False,282,True,True
598,Aerius 5mg,2027-08,79.11,85.88,6.77,124,MA-BATCH-41933,SYRUP,AVAILABLE,566,605,93,False,139,True,True
599,Ventoline 100mcg,2026-05,89.87,135.61,45.74,86,MA-BATCH-49220,CAPSULE,AVAILABLE,132,3,193,False,177,True,True
600,Augmentin 1g,2026-12,114.94,135.45,20.51,4,MA-BATCH-76132,INJECTION,AVAILABLE,661,232,366,True,52,True,True
601,Azix 500mg,2028-05,103.65,149.77,46.12,104,MA-BATCH-75129,INJECTION,AVAILABLE,310,98,209,False,56,True,True
602,Dafalgan 1g,2026-01,174.95,230.48,55.53,19,MA-BATCH-56575,CREAM,AVAILABLE,383,201,274,False,471,True,True
603,Augmentin 1g,2025-06,170.87,198.88,28.01,81,MA-BATCH-91526,CREAM,AVAILABLE,551,374,172,False,365,True,True
604,Rhinathiol,2027-10,34.62,69.89,35.27,83,MA-BATCH-91248,TABLET,AVAILABLE,592,536,311,False,371,True,True
605,Paracetamol Cooper,2026-09,161.22,209.87,48.65,19,MA-BATCH-53292,CAPSULE,AVAILABLE,532,114,386,False,245,True,True
606,Voltaren 50mg,2026-02,71.95,111.1,39.15,55,MA-BATCH-38880,CAPSULE,AVAILABLE,546,586,94,False,290,True,True
607,Doliprane 500mg,2026-09,162.1,209.2,47.1,14,MA-BATCH-43842,INJECTION,AVAILABLE,194,266,131,False,370,True,True
608,Aspegic 100mg,2026-02,115.11,165.01,49.9,79,MA-BATCH-89726,CAPSULE,AVAILABLE,589,475,248,False,400,True,True
609,Amoxil 500mg,2026-02,154.75,205.97,51.22,26,MA-BATCH-51208,SYRUP,AVAILABLE,484,198,303,False,56,True,True
610,Augmentin 1g,2025-04,178.37,199.63,21.26,102,MA-BATCH-20990,CAPSULE,AVAILABLE,657,365,372,False,110,True,True
611,Augmentin 1g,2026-01,155.08,212.45,57.37,82,MA-BATCH-17718,CAPSULE,AVAILABLE,304,11,461,False,235,True,True
612,Azix 500mg,2025-10,102.92,144.86,41.94,25,MA-BATCH-63381,CAPSULE,AVAILABLE,629,563,311,False,349,True,True
613,Aspegic 100mg,2028-04,141.73,164.32,22.59,104,MA-BATCH-50032,CAPSULE,AVAILABLE,311,123,189,False,315,True,True
614,Doliprane 1000mg,2027-03,112.52,125.29,12.77,68,MA-BATCH-64653,CAPSULE,AVAILABLE,85,106,24,False,224,True,True
615,Voltaren 50mg,2028-12,175.33,230.8,55.47,97,MA-BATCH-22226,TABLET,AVAILABLE,61,540,136,False,91,True,True
616,Dafalgan 1g,2028-09,124.59,136.96,12.37,31,MA-BATCH-64709,CREAM,AVAILABLE,129,156,86,False,334,True,True
617,Rhinathiol,2026-11,148.74,173.31,24.57,102,MA-BATCH-59942,CREAM,AVAILABLE,583,391,150,False,25,True,True
618,Doliprane 1000mg,2025-12,102.3,142.03,39.73,127,MA-BATCH-11457,CAPSULE,AVAILABLE,583,236,143,False,348,True,True
619,Rhinathiol,2028-03,146.94,186.77,39.83,90,MA-BATCH-27389,CREAM,AVAILABLE,643,467,51,False,370,True,True
620,Amoxil 500mg,2028-05,48.2,61.22,13.02,11,MA-BATCH-54512,CREAM,AVAILABLE,506,132,261,False,422,True,True
621,Spasfon,2026-10,46.58,77.05,30.47,31,MA-BATCH-21583,CAPSULE,AVAILABLE,343,191,46,False,179,True,True
622,Amoxil 500mg,2026-11,126.69,159.83,33.14,5,MA-BATCH-62354,TABLET,AVAILABLE,390,45,295,True,292,True,True
623,Paracetamol Cooper,2027-01,19.73,68.25,48.52,46,MA-BATCH-57004,CAPSULE,AVAILABLE,489,270,462,False,498,True,True
624,Voltaren 50mg,2025-12,147.77,190.86,43.09,87,MA-BATCH-13053,CAPSULE,AVAILABLE,86,515,518,False,179,True,True
625,Doliprane 500mg,2026-01,86.88,144.84,57.96,66,MA-BATCH-60977,CAPSULE,AVAILABLE,643,363,442,False,422,True,True
626,Azix 500mg,2028-12,37.2,70.52,33.32,125,MA-BATCH-59927,CAPSULE,AVAILABLE,436,244,76,False,115,True,True
627,Aerius 5mg,2026-03,79.24,136.98,57.74,106,MA-BATCH-87539,TABLET,AVAILABLE,91,101,199,False,294,True,True
628,Rhinathiol,2027-11,78.06,133.78,55.72,123,MA-BATCH-68617,TABLET,AVAILABLE,592,16,220,False,270,True,True
629,Augmentin 1g,2027-12,17.75,40.86,23.11,65,MA-BATCH-83415,SYRUP,AVAILABLE,584,297,316,False,47,True,True
630,Aspegic 100mg,2028-10,112.21,158.65,46.44,66,MA-BATCH-16262,CAPSULE,AVAILABLE,239,316,452,False,75,True,True
631,Augmentin 1g,2028-08,107.53,144.9,37.37,23,MA-BATCH-93834,TABLET,AVAILABLE,578,340,227,False,74,True,True
632,Rhinathiol,2027-09,123.49,150.15,26.66,2,MA-BATCH-77773,INJECTION,AVAILABLE,642,542,424,True,437,True,True
633,Rhinathiol,2026-06,146.95,172.85,25.9,38,MA-BATCH-96970,DROPS,AVAILABLE,548,191,163,False,279,True,True
634,Augmentin 1g,2025-09,164.53,208.96,44.43,0,MA-BATCH-30219,SYRUP,OUT_OF_STOCK,383,215,43,True,233,True,False
635,Aerius 5mg,2027-11,163.22,196.5,33.28,109,MA-BATCH-65365,INJECTION,AVAILABLE,420,508,515,False,19,True,True
636,Smecta,2026-08,115.78,142.74,26.96,82,MA-BATCH-46795,CREAM,AVAILABLE,334,589,487,False,181,True,True
637,Spasfon,2025-08,39.18,56.89,17.71,51,MA-BATCH-55169,DROPS,AVAILABLE,338,615,163,False,482,True,True
638,Doliprane 500mg,2028-05,97.99,137.24,39.25,70,MA-BATCH-99893,TABLET,AVAILABLE,652,299,540,False,207,True,True
639,Spasfon,2028-08,127.84,186.89,59.05,40,MA-BATCH-25768,DROPS,AVAILABLE,668,121,505,False,227,True,True
640,Doliprane 500mg,2027-06,57.43,74.75,17.32,104,MA-BATCH-56948,DROPS,AVAILABLE,447,319,115,False,323,True,True
641,Doliprane 1000mg,2026-12,81.54,115.66,34.12,109,MA-BATCH-16530,CREAM,AVAILABLE,212,360,517,False,428,True,True
642,Doliprane 500mg,2026-01,45.31,96.24,50.93,101,MA-BATCH-52897,CREAM,AVAILABLE,487,159,177,False,482,True,True
643,Rhinathiol,2026-05,61.33,73.27,11.94,71,MA-BATCH-96876,CREAM,AVAILABLE,172,492,391,False,220,True,True
644,Magne B6,2027-07,106.29,142.51,36.22,133,MA-BATCH-16463,TABLET,AVAILABLE,649,519,35,False,150,True,True
645,Aerius 5mg,2025-02,16.34,32.56,16.22,76,MA-BATCH-53731,SYRUP,AVAILABLE,450,248,384,False,416,True,True
646,Spasfon,2025-06,160.39,187.34,26.95,124,MA-BATCH-44237,CAPSULE,AVAILABLE,427,17,354,False,135,True,True
647,Aerius 5mg,2028-08,111.65,165.74,54.09,10,MA-BATCH-45038,DROPS,AVAILABLE,413,142,508,False,79,True,True
648,Aerius 5mg,2028-12,22.93,46.23,23.3,52,MA-BATCH-49179,CREAM,AVAILABLE,588,65,110,False,316,True,True
649,Aspegic 100mg,2028-08,128.99,173.07,44.08,89,MA-BATCH-92121,DROPS,AVAILABLE,158,514,374,False,387,True,True
650,Azix 500mg,2027-12,22.02,80.98,58.96,91,MA-BATCH-95066,DROPS,AVAILABLE,223,571,252,False,450,True,True
651,Dafalgan 1g,2027-09,18.24,50.58,32.34,87,MA-BATCH-21710,SYRUP,AVAILABLE,396,187,427,False,143,True,True
652,Amoxil 500mg,2028-11,50.89,89.29,38.4,101,MA-BATCH-44995,CAPSULE,AVAILABLE,405,3,457,False,297,True,True
653,Magne B6,2027-02,115.57,166.34,50.77,123,MA-BATCH-83738,DROPS,AVAILABLE,584,103,517,False,43,True,True
654,Magne B6,2026-10,90.25,115.86,25.61,17,MA-BATCH-46351,CAPSULE,AVAILABLE,99,315,170,False,183,True,True
655,Rhinathiol,2026-09,48.99,59.51,10.52,70,MA-BATCH-98206,SYRUP,AVAILABLE,530,345,488,False,149,True,True
656,Azix 500mg,2027-10,87.6,116.49,28.89,97,MA-BATCH-14810,INJECTION,AVAILABLE,20,371,334,False,165,True,True
657,Rhinathiol,2027-04,134.67,154.15,19.48,53,MA-BATCH-66611,CREAM,AVAILABLE,483,505,105,False,182,True,True
658,Doliprane 1000mg,2026-12,156.87,205.91,49.04,44,MA-BATCH-86318,CAPSULE,AVAILABLE,628,56,499,False,217,True,True
659,Augmentin 1g,2025-06,171.19,214.36,43.17,76,MA-BATCH-57178,CREAM,AVAILABLE,475,478,128,False,36,True,True
660,Ventoline 100mcg,2027-08,124.56,135.6,11.04,85,MA-BATCH-39978,CAPSULE,AVAILABLE,630,270,247,False,349,True,True
661,Dafalgan 1g,2028-03,26.84,81.03,54.19,67,MA-BATCH-56189,CAPSULE,AVAILABLE,480,513,345,False,215,True,True
662,Doliprane 500mg,2028-05,57.0,74.28,17.28,69,MA-BATCH-61577,CREAM,AVAILABLE,337,384,479,False,119,True,True
663,Spasfon,2026-09,117.23,139.5,22.27,60,MA-BATCH-58874,CAPSULE,AVAILABLE,566,19,353,False,258,True,True
664,Doliprane 500mg,2027-09,138.23,159.81,21.58,124,MA-BATCH-95671,INJECTION,AVAILABLE,413,46,160,False,413,True,True
665,Paracetamol Cooper,2025-04,163.16,197.36,34.2,67,MA-BATCH-31973,SYRUP,AVAILABLE,219,310,455,False,10,True,True
666,Ventoline 100mcg,2028-10,64.6,95.18,30.58,64,MA-BATCH-93047,DROPS,AVAILABLE,99,261,505,False,352,True,True
667,Amoxil 500mg,2027-02,112.33,156.95,44.62,62,MA-BATCH-55783,DROPS,AVAILABLE,328,586,349,False,31,True,True
668,Rhinathiol,2027-12,100.5,117.42,16.92,72,MA-BATCH-62746,TABLET,AVAILABLE,126,473,27,False,107,True,True
669,Spasfon,2025-08,115.4,141.76,26.36,4,MA-BATCH-90710,DROPS,AVAILABLE,32,41,108,True,234,True,True
670,Doliprane 1000mg,2027-10,138.7,195.41,56.71,117,MA-BATCH-74078,CREAM,AVAILABLE,443,612,183,False,493,True,True
671,Dafalgan 1g,2028-12,102.29,124.55,22.26,25,MA-BATCH-24397,DROPS,AVAILABLE,374,593,243,False,350,True,True
672,Paracetamol Cooper,2028-08,105.7,154.23,48.53,149,MA-BATCH-98716,SYRUP,AVAILABLE,362,203,439,False,259,True,True
673,Ventoline 100mcg,2028-01,179.98,205.22,25.24,91,MA-BATCH-17575,INJECTION,AVAILABLE,132,137,547,False,285,True,True
674,Aerius 5mg,2026-06,50.38,98.23,47.85,54,MA-BATCH-23955,SYRUP,AVAILABLE,627,8,77,False,149,True,True
675,Magne B6,2026-08,46.28,84.48,38.2,79,MA-BATCH-50600,CREAM,AVAILABLE,233,443,415,False,445,True,True
676,Rhinathiol,2028-08,125.94,143.32,17.38,122,MA-BATCH-18199,DROPS,AVAILABLE,275,533,23,False,110,True,True
677,Magne B6,2025-08,131.09,183.07,51.98,2,MA-BATCH-39927,CAPSULE,AVAILABLE,644,448,374,True,297,True,True
678,Dafalgan 1g,2026-06,149.27,175.71,26.44,6,MA-BATCH-97738,INJECTION,AVAILABLE,243,483,271,False,372,True,True
679,Voltaren 50mg,2028-07,143.44,152.2,8.76,129,MA-BATCH-23590,TABLET,AVAILABLE,130,132,201,False,417,True,True
680,Rhinathiol,2027-03,147.37,156.53,9.16,42,MA-BATCH-59494,TABLET,AVAILABLE,111,600,501,False,414,True,True
681,Aerius 5mg,2027-10,120.92,157.14,36.22,37,MA-BATCH-50125,INJECTION,AVAILABLE,327,463,271,False,332,True,True
682,Spasfon,2026-03,118.8,144.56,25.76,95,MA-BATCH-99973,CAPSULE,AVAILABLE,287,294,79,False,66,True,True
683,Augmentin 1g,2027-02,100.93,149.78,48.85,136,MA-BATCH-60075,INJECTION,AVAILABLE,193,524,19,False,361,True,True
684,Voltaren 50mg,2025-12,70.79,78.98,8.19,141,MA-BATCH-38362,INJECTION,AVAILABLE,440,526,309,False,409,True,True
685,Smecta,2028-02,31.45,79.27,47.82,71,MA-BATCH-60069,DROPS,AVAILABLE,138,170,29,False,494,True,True
686,Spasfon,2026-04,27.29,68.69,41.4,62,MA-BATCH-44991,TABLET,AVAILABLE,100,114,190,False,236,True,True
687,Doliprane 1000mg,2025-04,42.88,59.27,16.39,99,MA-BATCH-76605,INJECTION,AVAILABLE,405,299,480,False,474,True,True
688,Magne B6,2028-11,94.68,139.96,45.28,2,MA-BATCH-73329,INJECTION,AVAILABLE,112,557,243,True,407,True,True
689,Paracetamol Cooper,2025-08,91.73,104.67,12.94,95,MA-BATCH-95748,INJECTION,AVAILABLE,68,427,190,False,500,True,True
690,Doliprane 1000mg,2028-09,30.48,43.58,13.1,72,MA-BATCH-96084,CAPSULE,AVAILABLE,106,514,400,False,426,True,True
691,Magne B6,2028-05,109.76,117.22,7.46,41,MA-BATCH-53058,INJECTION,AVAILABLE,263,440,479,False,162,True,True
692,Aspegic 100mg,2025-06,33.02,71.73,38.71,102,MA-BATCH-99743,SYRUP,AVAILABLE,624,21,397,False,411,True,True
693,Aspegic 100mg,2025-10,165.43,214.21,48.78,145,MA-BATCH-73772,DROPS,AVAILABLE,16,235,306,False,76,True,True
694,Doliprane 1000mg,2028-11,70.49,111.9,41.41,29,MA-BATCH-26172,CREAM,AVAILABLE,71,383,103,False,106,True,True
695,Doliprane 1000mg,2028-08,80.52,115.49,34.97,148,MA-BATCH-70603,CAPSULE,AVAILABLE,180,121,341,False,482,True,True
696,Dafalgan 1g,2026-06,55.69,93.6,37.91,101,MA-BATCH-62629,TABLET,AVAILABLE,144,179,116,False,226,True,True
697,Rhinathiol,2028-06,109.28,165.39,56.11,6,MA-BATCH-46221,CREAM,AVAILABLE,11,145,238,False,111,True,True
698,Magne B6,2027-04,142.5,167.74,25.24,59,MA-BATCH-91468,DROPS,AVAILABLE,85,5,419,False,195,True,True
699,Smecta,2025-08,89.02,142.72,53.7,83,MA-BATCH-54311,CAPSULE,AVAILABLE,387,588,223,False,405,True,True
700,Doliprane 500mg,2026-12,128.89,152.87,23.98,6,MA-BATCH-49879,TABLET,AVAILABLE,91,155,251,False,106,True,True
701,Voltaren 50mg,2028-10,29.32,52.49,23.17,131,MA-BATCH-11564,SYRUP,AVAILABLE,348,618,465,False,61,True,True
702,Doliprane 1000mg,2025-04,96.31,128.42,32.11,124,MA-BATCH-55272,INJECTION,AVAILABLE,513,463,59,False,467,True,True
703,Spasfon,2028-01,109.57,118.62,9.05,64,MA-BATCH-22218,INJECTION,AVAILABLE,260,554,238,False,399,True,True
704,Ventoline 100mcg,2026-04,119.71,155.25,35.54,82,MA-BATCH-60486,CREAM,AVAILABLE,266,119,465,False,401,True,True
705,Paracetamol Cooper,2025-01,152.4,182.56,30.16,111,MA-BATCH-46675,SYRUP,AVAILABLE,318,333,466,False,356,True,True
706,Doliprane 1000mg,2028-04,119.78,171.09,51.31,20,MA-BATCH-39838,SYRUP,AVAILABLE,182,271,431,False,393,True,True
707,Aerius 5mg,2028-05,151.74,196.63,44.89,85,MA-BATCH-54601,TABLET,AVAILABLE,1,310,288,False,469,True,True
708,Rhinathiol,2028-12,103.0,110.38,7.38,77,MA-BATCH-38471,TABLET,AVAILABLE,555,95,353,False,208,True,True
709,Doliprane 1000mg,2026-08,18.22,41.97,23.75,74,MA-BATCH-69639,CREAM,AVAILABLE,598,369,307,False,421,True,True
710,Ventoline 100mcg,2025-01,93.76,144.52,50.76,26,MA-BATCH-85514,INJECTION,AVAILABLE,402,315,461,False,195,True,True
711,Dafalgan 1g,2027-08,62.84,108.71,45.87,107,MA-BATCH-77074,CREAM,AVAILABLE,467,156,171,False,208,True,True
712,Magne B6,2027-05,127.72,144.27,16.55,129,MA-BATCH-13241,SYRUP,AVAILABLE,594,11,520,False,142,True,True
713,Aerius 5mg,2028-01,172.85,198.76,25.91,89,MA-BATCH-66868,INJECTION,AVAILABLE,605,612,187,False,482,True,True
714,Amoxil 500mg,2025-04,157.81,198.56,40.75,104,MA-BATCH-27329,INJECTION,AVAILABLE,562,488,35,False,329,True,True
715,Voltaren 50mg,2028-08,141.64,171.0,29.36,112,MA-BATCH-59097,INJECTION,AVAILABLE,42,211,417,False,83,True,True
716,Rhinathiol,2026-12,77.08,109.42,32.34,150,MA-BATCH-68201,TABLET,AVAILABLE,88,57,449,False,398,True,True
717,Dafalgan 1g,2028-03,54.33,79.0,24.67,33,MA-BATCH-96597,TABLET,AVAILABLE,417,553,172,False,157,True,True
718,Augmentin 1g,2025-03,48.28,66.03,17.75,61,MA-BATCH-90842,CREAM,AVAILABLE,236,259,287,False,204,True,True
719,Smecta,2028-10,18.72,45.78,27.06,7,MA-BATCH-39696,DROPS,AVAILABLE,3,409,353,False,345,True,True
720,Rhinathiol,2028-06,36.53,60.29,23.76,137,MA-BATCH-28425,CREAM,AVAILABLE,313,93,140,False,268,True,True
721,Aerius 5mg,2025-07,71.7,103.23,31.53,12,MA-BATCH-44721,CAPSULE,AVAILABLE,544,570,345,False,157,True,True
722,Doliprane 500mg,2026-02,102.73,150.62,47.89,87,MA-BATCH-85845,DROPS,AVAILABLE,533,11,263,False,95,True,True
723,Augmentin 1g,2025-06,74.75,132.72,57.97,36,MA-BATCH-68204,INJECTION,AVAILABLE,310,136,374,False,180,True,True
724,Paracetamol Cooper,2028-09,147.12,178.5,31.38,108,MA-BATCH-13593,DROPS,AVAILABLE,185,44,235,False,379,True,True
725,Azix 500mg,2026-02,112.37,124.52,12.15,31,MA-BATCH-72984,TABLET,AVAILABLE,96,334,411,False,222,True,True
726,Rhinathiol,2026-09,167.21,224.54,57.33,147,MA-BATCH-71862,CREAM,AVAILABLE,538,496,164,False,480,True,True
727,Rhinathiol,2027-03,161.12,193.46,32.34,19,MA-BATCH-50594,CREAM,AVAILABLE,371,419,178,False,305,True,True
728,Smecta,2028-05,149.88,180.94,31.06,147,MA-BATCH-25054,INJECTION,AVAILABLE,9,241,200,False,399,True,True
729,Doliprane 1000mg,2028-01,45.15,80.77,35.62,1,MA-BATCH-52491,TABLET,AVAILABLE,43,184,540,True,259,True,True
730,Magne B6,2025-03,66.52,109.18,42.66,38,MA-BATCH-30868,DROPS,AVAILABLE,672,4,85,False,380,True,True
731,Paracetamol Cooper,2027-02,161.43,186.28,24.85,93,MA-BATCH-46100,CREAM,AVAILABLE,511,141,70,False,38,True,True
732,Spasfon,2026-08,158.29,178.09,19.8,106,MA-BATCH-95227,DROPS,AVAILABLE,19,101,365,False,97,True,True
733,Dafalgan 1g,2027-05,81.95,124.38,42.43,114,MA-BATCH-16658,SYRUP,AVAILABLE,408,57,493,False,283,True,True
734,Doliprane 1000mg,2026-04,164.91,188.7,23.79,138,MA-BATCH-85086,CAPSULE,AVAILABLE,520,506,146,False,471,True,True
735,Doliprane 1000mg,2025-07,54.25,89.8,35.55,101,MA-BATCH-21524,CAPSULE,AVAILABLE,344,457,158,False,127,True,True
736,Aspegic 100mg,2027-09,37.21,68.91,31.7,68,MA-BATCH-23070,CREAM,AVAILABLE,650,472,8,False,58,True,True
737,Voltaren 50mg,2028-08,75.22,119.95,44.73,144,MA-BATCH-73358,DROPS,AVAILABLE,136,29,133,False,189,True,True
738,Aspegic 100mg,2026-09,27.15,39.34,12.19,30,MA-BATCH-56246,SYRUP,AVAILABLE,244,233,153,False,299,True,True
739,Voltaren 50mg,2026-08,89.24,94.45,5.21,68,MA-BATCH-54625,CREAM,AVAILABLE,166,608,106,False,185,True,True
740,Doliprane 500mg,2027-02,103.36,159.94,56.58,95,MA-BATCH-66276,SYRUP,AVAILABLE,619,455,86,False,154,True,True
741,Smecta,2027-08,114.25,172.8,58.55,119,MA-BATCH-24509,CAPSULE,AVAILABLE,188,307,479,False,433,True,True
742,Voltaren 50mg,2026-06,54.31,81.97,27.66,98,MA-BATCH-20450,CREAM,AVAILABLE,559,244,72,False,101,True,True
743,Rhinathiol,2028-04,64.56,101.19,36.63,120,MA-BATCH-94641,INJECTION,AVAILABLE,473,492,176,False,461,True,True
744,Azix 500mg,2026-11,139.0,160.34,21.34,78,MA-BATCH-54906,CAPSULE,AVAILABLE,638,474,532,False,263,True,True
745,Doliprane 500mg,2027-08,42.19,100.79,58.6,96,MA-BATCH-54244,INJECTION,AVAILABLE,315,229,531,False,453,True,True
746,Smecta,2025-04,126.6,133.97,7.37,40,MA-BATCH-79984,DROPS,AVAILABLE,20,304,129,False,160,True,True
747,Doliprane 1000mg,2025-12,92.7,145.23,52.53,12,MA-BATCH-84399,CAPSULE,AVAILABLE,10,616,68,False,224,True,True
748,Smecta,2028-03,130.34,161.9,31.56,122,MA-BATCH-31992,INJECTION,AVAILABLE,392,142,129,False,197,True,True
749,Rhinathiol,2026-07,58.18,71.64,13.46,8,MA-BATCH-88590,SYRUP,AVAILABLE,55,610,87,False,377,True,True
750,Spasfon,2025-11,172.98,228.74,55.76,15,MA-BATCH-29439,INJECTION,AVAILABLE,248,112,117,False,395,True,True
751,Smecta,2027-02,90.92,141.0,50.08,101,MA-BATCH-74401,CAPSULE,AVAILABLE,432,586,14,False,459,True,True
752,Rhinathiol,2026-10,16.9,25.52,8.62,68,MA-BATCH-39199,SYRUP,AVAILABLE,338,541,280,False,239,True,True
753,Rhinathiol,2026-11,147.19,161.19,14.0,147,MA-BATCH-52341,CREAM,AVAILABLE,428,426,493,False,413,True,True
754,Doliprane 1000mg,2026-10,93.65,150.03,56.38,90,MA-BATCH-32126,SYRUP,AVAILABLE,442,168,309,False,248,True,True
755,Aspegic 100mg,2025-01,135.22,153.22,18.0,83,MA-BATCH-36580,SYRUP,AVAILABLE,620,577,17,False,304,True,True
756,Aerius 5mg,2028-05,21.26,79.69,58.43,14,MA-BATCH-69412,INJECTION,AVAILABLE,70,320,309,False,84,True,True
757,Magne B6,2027-05,89.52,121.41,31.89,83,MA-BATCH-16880,DROPS,AVAILABLE,291,181,255,False,73,True,True
758,Paracetamol Cooper,2025-12,81.09,113.19,32.1,36,MA-BATCH-68048,CAPSULE,AVAILABLE,275,585,231,False,328,True,True
759,Doliprane 1000mg,2028-10,47.41,104.99,57.58,147,MA-BATCH-46330,CAPSULE,AVAILABLE,218,605,188,False,415,True,True
760,Aspegic 100mg,2028-09,178.57,202.64,24.07,131,MA-BATCH-39154,CAPSULE,AVAILABLE,468,203,255,False,433,True,True
761,Azix 500mg,2026-01,146.69,179.79,33.1,56,MA-BATCH-73098,SYRUP,AVAILABLE,284,349,255,False,332,True,True
762,Paracetamol Cooper,2026-04,163.19,205.55,42.36,12,MA-BATCH-50661,TABLET,AVAILABLE,184,157,301,False,398,True,True
763,Aspegic 100mg,2027-04,93.48,112.42,18.94,145,MA-BATCH-70114,SYRUP,AVAILABLE,57,248,236,False,187,True,True
764,Augmentin 1g,2025-03,22.4,77.77,55.37,102,MA-BATCH-27310,CAPSULE,AVAILABLE,99,30,500,False,372,True,True
765,Rhinathiol,2028-01,29.81,86.91,57.1,83,MA-BATCH-87038,CAPSULE,AVAILABLE,650,54,280,False,87,True,True
766,Smecta,2027-07,40.13,80.75,40.62,76,MA-BATCH-19333,TABLET,AVAILABLE,608,161,381,False,426,True,True
767,Rhinathiol,2026-09,76.42,86.24,9.82,82,MA-BATCH-14665,INJECTION,AVAILABLE,530,78,94,False,442,True,True
768,Aspegic 100mg,2025-06,56.16,114.91,58.75,88,MA-BATCH-39257,DROPS,AVAILABLE,318,261,71,False,325,True,True
769,Spasfon,2028-06,132.64,163.51,30.87,85,MA-BATCH-75034,TABLET,AVAILABLE,402,443,237,False,98,True,True
770,Augmentin 1g,2027-07,173.2,212.95,39.75,33,MA-BATCH-12287,INJECTION,AVAILABLE,124,421,138,False,442,True,True
771,Paracetamol Cooper,2027-12,155.59,197.51,41.92,137,MA-BATCH-41122,CAPSULE,AVAILABLE,135,10,1,False,244,True,True
772,Doliprane 1000mg,2027-03,86.91,95.93,9.02,10,MA-BATCH-51208,CREAM,AVAILABLE,576,395,513,False,424,True,True
773,Smecta,2028-02,74.15,115.02,40.87,114,MA-BATCH-34883,DROPS,AVAILABLE,221,433,25,False,477,True,True
774,Doliprane 500mg,2025-01,168.99,176.3,7.31,9,MA-BATCH-47293,INJECTION,AVAILABLE,99,52,222,False,317,True,True
775,Voltaren 50mg,2025-09,39.55,90.26,50.71,134,MA-BATCH-37148,TABLET,AVAILABLE,288,401,118,False,207,True,True
776,Ventoline 100mcg,2028-09,169.81,205.33,35.52,29,MA-BATCH-80209,DROPS,AVAILABLE,361,91,541,False,428,True,True
777,Doliprane 1000mg,2027-11,128.03,184.32,56.29,11,MA-BATCH-96617,CREAM,AVAILABLE,391,343,410,False,398,True,True
778,Amoxil 500mg,2028-03,106.87,153.6,46.73,97,MA-BATCH-14492,TABLET,AVAILABLE,491,160,500,False,90,True,True
779,Magne B6,2025-11,150.98,195.8,44.82,141,MA-BATCH-48061,INJECTION,AVAILABLE,159,198,470,False,117,True,True
780,Aspegic 100mg,2026-12,73.03,93.58,20.55,119,MA-BATCH-13772,CREAM,AVAILABLE,228,51,410,False,319,True,True
781,Magne B6,2027-02,88.17,141.81,53.64,149,MA-BATCH-43463,CAPSULE,AVAILABLE,291,562,210,False,220,True,True
782,Voltaren 50mg,2028-05,91.14,100.51,9.37,99,MA-BATCH-14629,INJECTION,AVAILABLE,389,540,528,False,380,True,True
783,Azix 500mg,2027-08,83.95,109.44,25.49,143,MA-BATCH-23235,TABLET,AVAILABLE,436,312,363,False,230,True,True
784,Smecta,2028-04,22.5,64.29,41.79,93,MA-BATCH-42629,TABLET,AVAILABLE,516,50,450,False,117,True,True
785,Amoxil 500mg,2026-06,112.11,125.17,13.06,8,MA-BATCH-55364,INJECTION,AVAILABLE,340,220,246,False,404,True,True
786,Augmentin 1g,2025-11,92.5,123.72,31.22,61,MA-BATCH-23031,INJECTION,AVAILABLE,508,571,493,False,65,True,True
787,Smecta,2025-06,112.66,126.51,13.85,106,MA-BATCH-81762,INJECTION,AVAILABLE,158,13,106,False,83,True,True
788,Spasfon,2027-06,58.33,66.5,8.17,95,MA-BATCH-13116,DROPS,AVAILABLE,60,351,303,False,312,True,True
789,Aerius 5mg,2026-10,178.77,211.67,32.9,9,MA-BATCH-75008,INJECTION,AVAILABLE,647,470,243,False,276,True,True
790,Augmentin 1g,2025-07,99.15,111.58,12.43,96,MA-BATCH-11728,SYRUP,AVAILABLE,289,255,539,False,122,True,True
791,Augmentin 1g,2025-05,142.45,150.72,8.27,7,MA-BATCH-51008,SYRUP,AVAILABLE,630,315,232,False,19,True,True
792,Voltaren 50mg,2025-08,96.13,154.68,58.55,71,MA-BATCH-84238,DROPS,AVAILABLE,423,322,278,False,221,True,True
793,Doliprane 500mg,2026-06,139.51,152.9,13.39,127,MA-BATCH-78402,CREAM,AVAILABLE,387,161,149,False,182,True,True
794,Dafalgan 1g,2025-01,40.61,88.4,47.79,103,MA-BATCH-26697,SYRUP,AVAILABLE,39,133,230,False,469,True,True
795,Aerius 5mg,2028-08,172.4,179.54,7.14,97,MA-BATCH-23380,SYRUP,AVAILABLE,369,81,378,False,275,True,True
796,Aerius 5mg,2025-09,108.04,115.43,7.39,67,MA-BATCH-92448,SYRUP,AVAILABLE,520,13,345,False,45,True,True
797,Augmentin 1g,2025-03,83.11,111.83,28.72,138,MA-BATCH-85905,SYRUP,AVAILABLE,500,540,301,False,404,True,True
798,Paracetamol Cooper,2028-04,60.44,100.36,39.92,8,MA-BATCH-20865,CAPSULE,AVAILABLE,144,486,401,False,323,True,True
799,Dafalgan 1g,2027-05,68.29,103.63,35.34,72,MA-BATCH-11941,SYRUP,AVAILABLE,164,266,153,False,138,True,True
800,Aerius 5mg,2025-04,103.55,154.55,51.0,48,MA-BATCH-70488,SYRUP,AVAILABLE,474,79,308,False,197,True,True
801,Dafalgan 1g,2025-12,21.86,78.73,56.87,28,MA-BATCH-59841,DROPS,AVAILABLE,390,602,125,False,481,True,True
802,Paracetamol Cooper,2028-01,58.49,70.17,11.68,63,MA-BATCH-21176,TABLET,AVAILABLE,271,466,95,False,457,True,True
803,Rhinathiol,2025-10,97.72,148.55,50.83,31,MA-BATCH-90692,SYRUP,AVAILABLE,323,388,147,False,464,True,True
804,Doliprane 500mg,2026-05,65.12,96.86,31.74,143,MA-BATCH-15933,SYRUP,AVAILABLE,269,81,288,False,57,True,True
805,Magne B6,2025-09,47.67,56.51,8.84,26,MA-BATCH-23574,CAPSULE,AVAILABLE,10,351,88,False,367,True,True
806,Magne B6,2028-10,131.14,144.75,13.61,29,MA-BATCH-10291,CAPSULE,AVAILABLE,320,462,40,False,267,True,True
807,Ventoline 100mcg,2025-07,74.59,79.66,5.07,70,MA-BATCH-23118,CAPSULE,AVAILABLE,677,516,470,False,279,True,True
808,Rhinathiol,2027-06,50.09,56.29,6.2,26,MA-BATCH-61082,CAPSULE,AVAILABLE,323,486,129,False,494,True,True
809,Ventoline 100mcg,2027-01,141.15,171.32,30.17,120,MA-BATCH-45091,TABLET,AVAILABLE,228,220,461,False,145,True,True
810,Voltaren 50mg,2028-01,57.61,97.12,39.51,134,MA-BATCH-40103,SYRUP,AVAILABLE,624,110,235,False,211,True,True
811,Aerius 5mg,2025-03,138.39,198.33,59.94,73,MA-BATCH-92585,INJECTION,AVAILABLE,308,73,5,False,436,True,True
812,Augmentin 1g,2028-06,78.58,95.91,17.33,109,MA-BATCH-18567,DROPS,AVAILABLE,662,570,47,False,188,True,True
813,Aerius 5mg,2025-11,95.67,152.81,57.14,61,MA-BATCH-14745,TABLET,AVAILABLE,28,547,416,False,339,True,True
814,Augmentin 1g,2026-06,69.83,97.22,27.39,24,MA-BATCH-61926,TABLET,AVAILABLE,398,296,22,False,41,True,True
815,Voltaren 50mg,2028-08,61.35,82.33,20.98,133,MA-BATCH-49362,CREAM,AVAILABLE,388,598,532,False,312,True,True
816,Azix 500mg,2028-01,59.82,78.7,18.88,17,MA-BATCH-95148,SYRUP,AVAILABLE,416,110,26,False,37,True,True
817,Ventoline 100mcg,2025-02,167.02,197.1,30.08,119,MA-BATCH-73738,SYRUP,AVAILABLE,670,493,321,False,303,True,True
818,Amoxil 500mg,2025-08,164.73,202.48,37.75,51,MA-BATCH-23534,TABLET,AVAILABLE,76,453,110,False,303,True,True
819,Voltaren 50mg,2025-05,131.07,159.34,28.27,13,MA-BATCH-13096,SYRUP,AVAILABLE,96,275,294,False,160,True,True
820,Paracetamol Cooper,2027-10,29.21,87.66,58.45,91,MA-BATCH-68686,CAPSULE,AVAILABLE,233,238,239,False,350,True,True
821,Azix 500mg,2028-12,124.23,145.9,21.67,144,MA-BATCH-54884,CAPSULE,AVAILABLE,166,235,112,False,255,True,True
822,Augmentin 1g,2026-06,143.07,149.53,6.46,54,MA-BATCH-10165,TABLET,AVAILABLE,319,600,185,False,206,True,True
823,Doliprane 500mg,2028-12,118.37,177.27,58.9,54,MA-BATCH-90402,INJECTION,AVAILABLE,664,468,242,False,63,True,True
824,Aspegic 100mg,2027-07,179.08,195.99,16.91,145,MA-BATCH-30286,CAPSULE,AVAILABLE,519,508,156,False,485,True,True
825,Paracetamol Cooper,2027-09,166.51,215.11,48.6,143,MA-BATCH-53197,DROPS,AVAILABLE,250,158,491,False,347,True,True
826,Doliprane 500mg,2027-12,148.99,184.43,35.44,23,MA-BATCH-41644,CAPSULE,AVAILABLE,591,206,128,False,468,True,True
827,Paracetamol Cooper,2028-01,141.24,196.7,55.46,99,MA-BATCH-10768,CAPSULE,AVAILABLE,373,573,104,False,254,True,True
828,Azix 500mg,2026-02,159.0,209.36,50.36,118,MA-BATCH-25916,INJECTION,AVAILABLE,140,348,26,False,211,True,True
829,Paracetamol Cooper,2027-05,130.09,167.4,37.31,48,MA-BATCH-49617,INJECTION,AVAILABLE,214,607,548,False,365,True,True
830,Ventoline 100mcg,2027-06,113.34,119.2,5.86,75,MA-BATCH-10642,SYRUP,AVAILABLE,614,244,257,False,348,True,True
831,Aspegic 100mg,2028-07,36.83,80.09,43.26,25,MA-BATCH-86440,SYRUP,AVAILABLE,371,330,130,False,319,True,True
832,Azix 500mg,2025-10,152.57,193.23,40.66,84,MA-BATCH-32758,INJECTION,AVAILABLE,55,8,50,False,351,True,True
833,Aerius 5mg,2025-02,28.23,85.94,57.71,28,MA-BATCH-52821,INJECTION,AVAILABLE,76,426,73,False,443,True,True
834,Voltaren 50mg,2027-12,111.59,127.18,15.59,66,MA-BATCH-92155,CREAM,AVAILABLE,84,143,90,False,447,True,True
835,Rhinathiol,2026-11,53.11,60.69,7.58,142,MA-BATCH-35325,CREAM,AVAILABLE,311,385,53,False,401,True,True
836,Dafalgan 1g,2028-08,127.27,184.53,57.26,143,MA-BATCH-35774,DROPS,AVAILABLE,224,76,63,False,145,True,True
837,Augmentin 1g,2028-11,124.78,158.89,34.11,126,MA-BATCH-92330,INJECTION,AVAILABLE,372,325,430,False,45,True,True
838,Doliprane 1000mg,2026-03,114.97,126.92,11.95,18,MA-BATCH-63826,SYRUP,AVAILABLE,84,539,408,False,430,True,True
839,Dafalgan 1g,2026-01,62.43,93.87,31.44,16,MA-BATCH-34849,INJECTION,AVAILABLE,269,120,447,False,321,True,True
840,Aerius 5mg,2025-07,54.39,87.26,32.87,81,MA-BATCH-70613,INJECTION,AVAILABLE,281,16,250,False,85,True,True
841,Dafalgan 1g,2026-11,52.18,88.94,36.76,17,MA-BATCH-54995,SYRUP,AVAILABLE,547,153,412,False,422,True,True
842,Voltaren 50mg,2026-08,89.95,100.54,10.59,97,MA-BATCH-44083,CREAM,AVAILABLE,640,582,329,False,442,True,True
843,Paracetamol Cooper,2026-10,156.91,213.41,56.5,80,MA-BATCH-43719,CAPSULE,AVAILABLE,309,533,286,False,399,True,True
844,Doliprane 500mg,2028-09,173.64,222.72,49.08,109,MA-BATCH-25223,TABLET,AVAILABLE,317,228,227,False,33,True,True
845,Amoxil 500mg,2025-06,85.3,91.64,6.34,133,MA-BATCH-75494,INJECTION,AVAILABLE,88,342,325,False,369,True,True
846,Azix 500mg,2028-12,72.37,114.48,42.11,14,MA-BATCH-31875,INJECTION,AVAILABLE,544,491,54,False,97,True,True
847,Aspegic 100mg,2025-12,167.18,203.92,36.74,38,MA-BATCH-44923,INJECTION,AVAILABLE,242,480,173,False,69,True,True
848,Doliprane 1000mg,2028-12,83.06,136.81,53.75,101,MA-BATCH-38359,SYRUP,AVAILABLE,195,332,521,False,162,True,True
849,Magne B6,2027-06,26.96,75.76,48.8,44,MA-BATCH-91163,CREAM,AVAILABLE,582,502,480,False,404,True,True
850,Aerius 5mg,2026-10,52.52,82.57,30.05,146,MA-BATCH-57055,INJECTION,AVAILABLE,593,324,355,False,44,True,True
851,Ventoline 100mcg,2027-12,108.11,148.5,40.39,37,MA-BATCH-45315,DROPS,AVAILABLE,88,76,66,False,255,True,True
852,Aspegic 100mg,2025-04,126.44,185.76,59.32,116,MA-BATCH-79167,INJECTION,AVAILABLE,152,364,403,False,500,True,True
853,Spasfon,2025-03,122.73,175.19,52.46,26,MA-BATCH-82825,CAPSULE,AVAILABLE,165,211,213,False,25,True,True
854,Doliprane 1000mg,2028-04,146.42,181.29,34.87,92,MA-BATCH-76606,DROPS,AVAILABLE,150,592,171,False,331,True,True
855,Azix 500mg,2028-04,56.7,96.76,40.06,35,MA-BATCH-32450,TABLET,AVAILABLE,41,484,535,False,278,True,True
856,Paracetamol Cooper,2026-12,48.45,62.9,14.45,112,MA-BATCH-56287,CAPSULE,AVAILABLE,558,358,153,False,104,True,True
857,Amoxil 500mg,2028-01,15.44,27.8,12.36,16,MA-BATCH-48656,SYRUP,AVAILABLE,558,482,260,False,434,True,True
858,Aspegic 100mg,2028-10,126.11,155.14,29.03,41,MA-BATCH-66345,SYRUP,AVAILABLE,645,406,335,False,43,True,True
859,Doliprane 500mg,2027-06,40.91,86.14,45.23,83,MA-BATCH-99709,DROPS,AVAILABLE,20,19,373,False,463,True,True
860,Dafalgan 1g,2027-12,28.33,61.56,33.23,77,MA-BATCH-26884,INJECTION,AVAILABLE,178,213,49,False,16,True,True
861,Augmentin 1g,2026-03,49.62,55.21,5.59,115,MA-BATCH-52236,TABLET,AVAILABLE,158,542,237,False,11,True,True
862,Smecta,2026-11,131.39,146.86,15.47,69,MA-BATCH-35885,INJECTION,AVAILABLE,339,210,118,False,232,True,True
863,Doliprane 500mg,2025-10,141.64,154.43,12.79,143,MA-BATCH-64466,DROPS,AVAILABLE,406,227,127,False,226,True,True
864,Magne B6,2028-12,153.64,201.79,48.15,98,MA-BATCH-50048,TABLET,AVAILABLE,255,212,2,False,140,True,True
865,Doliprane 500mg,2025-07,76.68,131.72,55.04,16,MA-BATCH-67133,INJECTION,AVAILABLE,271,595,476,False,12,True,True
866,Doliprane 1000mg,2027-09,20.05,55.11,35.06,74,MA-BATCH-23087,CAPSULE,AVAILABLE,672,98,502,False,218,True,True
867,Doliprane 1000mg,2026-09,64.39,101.3,36.91,105,MA-BATCH-86853,SYRUP,AVAILABLE,303,99,122,False,193,True,True
868,Aspegic 100mg,2028-02,16.0,66.0,50.0,104,MA-BATCH-35577,TABLET,AVAILABLE,338,167,340,False,200,True,True
869,Rhinathiol,2026-11,41.37,59.82,18.45,41,MA-BATCH-82440,TABLET,AVAILABLE,333,516,198,False,243,True,True
870,Aspegic 100mg,2027-05,121.91,161.89,39.98,60,MA-BATCH-17505,DROPS,AVAILABLE,314,509,415,False,99,True,True
871,Rhinathiol,2027-01,169.84,215.88,46.04,50,MA-BATCH-23960,TABLET,AVAILABLE,119,338,163,False,428,True,True
872,Ventoline 100mcg,2026-08,68.56,101.42,32.86,111,MA-BATCH-81211,CREAM,AVAILABLE,552,182,412,False,30,True,True
873,Doliprane 1000mg,2025-04,51.47,110.54,59.07,70,MA-BATCH-43387,CAPSULE,AVAILABLE,547,520,8,False,371,True,True
874,Rhinathiol,2028-02,140.27,171.17,30.9,139,MA-BATCH-50566,SYRUP,AVAILABLE,183,226,377,False,500,True,True
875,Azix 500mg,2027-10,130.92,188.7,57.78,75,MA-BATCH-33730,TABLET,AVAILABLE,334,362,417,False,236,True,True
876,Augmentin 1g,2025-11,67.99,100.27,32.28,22,MA-BATCH-68879,CREAM,AVAILABLE,562,229,19,False,372,True,True
877,Aerius 5mg,2026-08,65.4,88.62,23.22,105,MA-BATCH-42782,CAPSULE,AVAILABLE,107,90,399,False,10,True,True
878,Rhinathiol,2028-01,105.67,164.51,58.84,91,MA-BATCH-24290,CAPSULE,AVAILABLE,676,172,186,False,69,True,True
879,Doliprane 1000mg,2028-01,143.14,159.22,16.08,133,MA-BATCH-77373,SYRUP,AVAILABLE,279,470,444,False,358,True,True
880,Magne B6,2026-01,138.48,150.62,12.14,129,MA-BATCH-74991,CAPSULE,AVAILABLE,400,109,120,False,392,True,True
881,Doliprane 500mg,2026-08,55.66,106.7,51.04,122,MA-BATCH-93021,CAPSULE,AVAILABLE,404,50,226,False,118,True,True
882,Amoxil 500mg,2027-03,100.94,132.66,31.72,138,MA-BATCH-57906,DROPS,AVAILABLE,659,575,525,False,213,True,True
883,Ventoline 100mcg,2026-10,99.57,110.34,10.77,66,MA-BATCH-61894,DROPS,AVAILABLE,249,53,9,False,340,True,True
884,Voltaren 50mg,2027-10,15.67,33.72,18.05,150,MA-BATCH-90179,DROPS,AVAILABLE,670,305,284,False,170,True,True
885,Doliprane 500mg,2027-05,91.32,145.86,54.54,64,MA-BATCH-15664,INJECTION,AVAILABLE,413,596,175,False,390,True,True
886,Augmentin 1g,2027-11,85.3,111.51,26.21,87,MA-BATCH-49022,INJECTION,AVAILABLE,364,582,112,False,362,True,True
887,Voltaren 50mg,2026-06,79.51,136.03,56.52,66,MA-BATCH-95492,CREAM,AVAILABLE,215,529,338,False,498,True,True
888,Rhinathiol,2025-08,118.4,162.49,44.09,145,MA-BATCH-89425,DROPS,AVAILABLE,587,440,373,False,269,True,True
889,Paracetamol Cooper,2028-06,156.09,185.86,29.77,57,MA-BATCH-97293,CREAM,AVAILABLE,74,388,489,False,279,True,True
890,Aerius 5mg,2025-08,66.06,116.37,50.31,78,MA-BATCH-37592,TABLET,AVAILABLE,454,101,478,False,248,True,True
891,Doliprane 1000mg,2027-11,172.95,183.12,10.17,49,MA-BATCH-94137,DROPS,AVAILABLE,3,504,521,False,283,True,True
892,Aspegic 100mg,2026-04,50.96,88.07,37.11,38,MA-BATCH-75673,CAPSULE,AVAILABLE,290,14,242,False,472,True,True
893,Spasfon,2026-09,46.2,83.19,36.99,87,MA-BATCH-99406,TABLET,AVAILABLE,192,230,90,False,401,True,True
894,Dafalgan 1g,2027-04,179.95,192.55,12.6,100,MA-BATCH-70109,SYRUP,AVAILABLE,322,339,122,False,155,True,True
895,Dafalgan 1g,2026-03,117.81,131.38,13.57,13,MA-BATCH-42200,CAPSULE,AVAILABLE,494,499,77,False,159,True,True
896,Spasfon,2026-12,84.94,123.62,38.68,8,MA-BATCH-51151,CAPSULE,AVAILABLE,353,463,43,False,477,True,True
897,Smecta,2025-08,177.02,184.04,7.02,105,MA-BATCH-19652,SYRUP,AVAILABLE,429,317,272,False,489,True,True
898,Doliprane 500mg,2028-07,169.0,193.82,24.82,70,MA-BATCH-30986,TABLET,AVAILABLE,565,578,256,False,484,True,True
899,Aspegic 100mg,2028-11,124.34,134.47,10.13,37,MA-BATCH-11870,INJECTION,AVAILABLE,333,31,449,False,386,True,True
900,Magne B6,2026-09,81.86,136.7,54.84,43,MA-BATCH-41045,DROPS,AVAILABLE,648,28,374,False,207,True,True
901,Doliprane 1000mg,2026-11,63.85,91.91,28.06,90,MA-BATCH-43642,CAPSULE,AVAILABLE,379,332,349,False,307,True,True
902,Spasfon,2026-12,69.94,81.87,11.93,104,MA-BATCH-66191,TABLET,AVAILABLE,512,511,499,False,403,True,True
903,Magne B6,2026-04,103.92,153.03,49.11,79,MA-BATCH-27943,INJECTION,AVAILABLE,420,197,64,False,144,True,True
904,Aspegic 100mg,2026-12,126.93,154.54,27.61,7,MA-BATCH-42007,INJECTION,AVAILABLE,580,387,146,False,495,True,True
905,Magne B6,2025-03,173.38,227.32,53.94,144,MA-BATCH-34085,SYRUP,AVAILABLE,64,578,455,False,201,True,True
906,Rhinathiol,2025-08,171.57,213.78,42.21,102,MA-BATCH-89363,TABLET,AVAILABLE,443,474,25,False,479,True,True
907,Doliprane 1000mg,2026-01,134.01,191.6,57.59,27,MA-BATCH-37158,CREAM,AVAILABLE,214,259,317,False,323,True,True
908,Paracetamol Cooper,2026-02,20.47,49.47,29.0,121,MA-BATCH-33897,DROPS,AVAILABLE,76,565,199,False,361,True,True
909,Voltaren 50mg,2025-12,54.22,96.96,42.74,59,MA-BATCH-30650,CREAM,AVAILABLE,387,151,116,False,11,True,True
910,Dafalgan 1g,2025-03,155.27,172.61,17.34,122,MA-BATCH-64775,TABLET,AVAILABLE,57,573,129,False,462,True,True
911,Smecta,2028-12,38.98,56.8,17.82,118,MA-BATCH-33832,INJECTION,AVAILABLE,56,324,293,False,327,True,True
912,Azix 500mg,2028-03,107.34,139.34,32.0,138,MA-BATCH-81762,SYRUP,AVAILABLE,64,410,199,False,87,True,True
913,Paracetamol Cooper,2025-03,41.2,82.51,41.31,6,MA-BATCH-85618,CREAM,AVAILABLE,55,299,265,False,222,True,True
914,Aspegic 100mg,2027-03,131.11,156.22,25.11,148,MA-BATCH-45487,INJECTION,AVAILABLE,419,14,427,False,429,True,True
915,Dafalgan 1g,2027-08,129.28,135.35,6.07,109,MA-BATCH-92264,CAPSULE,AVAILABLE,351,182,371,False,246,True,True
916,Amoxil 500mg,2028-08,50.89,86.15,35.26,64,MA-BATCH-80299,CAPSULE,AVAILABLE,15,453,4,False,424,True,True
917,Ventoline 100mcg,2027-08,129.98,168.31,38.33,106,MA-BATCH-70050,TABLET,AVAILABLE,445,89,146,False,473,True,True
918,Smecta,2026-09,116.45,148.96,32.51,116,MA-BATCH-30324,INJECTION,AVAILABLE,535,63,140,False,272,True,True
919,Magne B6,2025-12,146.45,159.51,13.06,102,MA-BATCH-59500,CAPSULE,AVAILABLE,123,449,28,False,10,True,True
920,Spasfon,2028-01,71.36,123.97,52.61,19,MA-BATCH-60750,DROPS,AVAILABLE,408,556,528,False,15,True,True
921,Ventoline 100mcg,2028-05,146.16,155.24,9.08,102,MA-BATCH-85658,CAPSULE,AVAILABLE,652,66,148,False,248,True,True
922,Dafalgan 1g,2026-05,111.13,126.63,15.5,31,MA-BATCH-82960,DROPS,AVAILABLE,370,244,383,False,354,True,True
923,Voltaren 50mg,2025-02,128.14,137.72,9.58,102,MA-BATCH-89158,TABLET,AVAILABLE,632,570,268,False,294,True,True
924,Aspegic 100mg,2028-01,18.25,47.45,29.2,30,MA-BATCH-77428,DROPS,AVAILABLE,410,498,106,False,197,True,True
925,Aerius 5mg,2025-08,43.14,74.51,31.37,26,MA-BATCH-47385,TABLET,AVAILABLE,292,232,231,False,227,True,True
926,Aspegic 100mg,2028-08,175.88,212.72,36.84,113,MA-BATCH-29879,DROPS,AVAILABLE,301,423,86,False,352,True,True
927,Azix 500mg,2025-10,23.86,82.45,58.59,23,MA-BATCH-10066,TABLET,AVAILABLE,481,53,109,False,264,True,True
928,Doliprane 1000mg,2025-06,106.62,131.54,24.92,45,MA-BATCH-29476,CAPSULE,AVAILABLE,296,579,485,False,93,True,True
929,Doliprane 500mg,2026-01,128.2,184.37,56.17,58,MA-BATCH-11566,DROPS,AVAILABLE,177,482,374,False,473,True,True
930,Aspegic 100mg,2028-11,118.02,156.19,38.17,68,MA-BATCH-95714,DROPS,AVAILABLE,342,236,433,False,174,True,True
931,Aerius 5mg,2027-05,113.18,159.35,46.17,115,MA-BATCH-31888,CAPSULE,AVAILABLE,155,393,265,False,352,True,True
932,Doliprane 500mg,2028-05,121.99,130.08,8.09,21,MA-BATCH-55773,DROPS,AVAILABLE,217,452,299,False,30,True,True
933,Augmentin 1g,2025-04,170.29,218.57,48.28,93,MA-BATCH-70107,CREAM,AVAILABLE,236,455,434,False,417,True,True
934,Doliprane 500mg,2028-09,139.01,184.8,45.79,114,MA-BATCH-98612,INJECTION,AVAILABLE,5,543,328,False,185,True,True
935,Magne B6,2027-10,96.91,106.77,9.86,117,MA-BATCH-16085,CAPSULE,AVAILABLE,534,306,401,False,274,True,True
936,Doliprane 1000mg,2025-09,99.01,119.14,20.13,150,MA-BATCH-37713,CAPSULE,AVAILABLE,516,411,176,False,155,True,True
937,Spasfon,2027-05,136.19,178.25,42.06,113,MA-BATCH-13513,CREAM,AVAILABLE,633,592,448,False,117,True,True
938,Ventoline 100mcg,2027-03,45.14,70.7,25.56,62,MA-BATCH-87484,TABLET,AVAILABLE,100,120,93,False,364,True,True
939,Aerius 5mg,2027-12,173.86,228.97,55.11,132,MA-BATCH-19282,CREAM,AVAILABLE,257,421,435,False,469,True,True
940,Doliprane 500mg,2026-03,99.43,134.89,35.46,82,MA-BATCH-41819,CAPSULE,AVAILABLE,591,422,121,False,266,True,True
941,Smecta,2026-11,124.89,132.77,7.88,116,MA-BATCH-79713,TABLET,AVAILABLE,41,160,152,False,346,True,True
942,Azix 500mg,2028-11,156.64,176.2,19.56,88,MA-BATCH-27597,TABLET,AVAILABLE,343,340,304,False,289,True,True
943,Aerius 5mg,2028-09,151.33,201.57,50.24,132,MA-BATCH-23366,DROPS,AVAILABLE,625,145,66,False,447,True,True
944,Smecta,2027-08,140.18,160.69,20.51,65,MA-BATCH-60671,TABLET,AVAILABLE,302,179,254,False,488,True,True
945,Ventoline 100mcg,2027-11,90.19,100.89,10.7,140,MA-BATCH-33624,TABLET,AVAILABLE,269,441,81,False,244,True,True
946,Rhinathiol,2027-06,45.22,68.7,23.48,12,MA-BATCH-28881,CREAM,AVAILABLE,186,434,457,False,452,True,True
947,Amoxil 500mg,2028-10,170.55,199.08,28.53,128,MA-BATCH-78778,INJECTION,AVAILABLE,482,339,301,False,152,True,True
948,Augmentin 1g,2027-02,69.35,88.54,19.19,115,MA-BATCH-46390,TABLET,AVAILABLE,119,140,219,False,222,True,True
949,Aspegic 100mg,2028-03,179.13,234.56,55.43,84,MA-BATCH-69464,CAPSULE,AVAILABLE,680,66,214,False,138,True,True
950,Aerius 5mg,2025-03,77.18,95.89,18.71,6,MA-BATCH-46542,CREAM,AVAILABLE,294,302,491,False,319,True,True
951,Azix 500mg,2028-02,55.0,99.53,44.53,89,MA-BATCH-19162,CAPSULE,AVAILABLE,420,568,412,False,79,True,True
952,Doliprane 1000mg,2025-08,131.37,174.94,43.57,61,MA-BATCH-96144,INJECTION,AVAILABLE,344,259,531,False,25,True,True
953,Dafalgan 1g,2028-01,157.95,216.18,58.23,26,MA-BATCH-27109,INJECTION,AVAILABLE,651,307,248,False,137,True,True
954,Amoxil 500mg,2028-02,23.72,74.75,51.03,45,MA-BATCH-64244,DROPS,AVAILABLE,665,166,292,False,162,True,True
955,Rhinathiol,2026-02,90.33,143.42,53.09,107,MA-BATCH-23780,SYRUP,AVAILABLE,641,79,215,False,288,True,True
956,Rhinathiol,2028-09,130.26,162.29,32.03,47,MA-BATCH-16224,INJECTION,AVAILABLE,427,80,327,False,366,True,True
957,Paracetamol Cooper,2027-09,160.53,184.6,24.07,130,MA-BATCH-59375,SYRUP,AVAILABLE,363,444,334,False,372,True,True
958,Aerius 5mg,2026-11,152.51,161.9,9.39,7,MA-BATCH-82217,DROPS,AVAILABLE,535,181,347,False,81,True,True
959,Voltaren 50mg,2028-07,27.54,41.96,14.42,133,MA-BATCH-15439,CAPSULE,AVAILABLE,629,280,400,False,311,True,True
960,Amoxil 500mg,2026-09,167.19,205.5,38.31,79,MA-BATCH-30489,DROPS,AVAILABLE,546,294,460,False,462,True,True
961,Augmentin 1g,2025-11,20.94,34.42,13.48,62,MA-BATCH-98409,SYRUP,AVAILABLE,632,554,472,False,56,True,True
962,Dafalgan 1g,2026-12,145.79,192.29,46.5,42,MA-BATCH-12198,SYRUP,AVAILABLE,443,391,536,False,233,True,True
963,Paracetamol Cooper,2028-09,176.73,188.7,11.97,113,MA-BATCH-27849,INJECTION,AVAILABLE,555,347,191,False,251,True,True
964,Augmentin 1g,2025-12,38.76,69.21,30.45,96,MA-BATCH-29600,TABLET,AVAILABLE,518,495,460,False,297,True,True
965,Dafalgan 1g,2025-07,52.37,72.15,19.78,20,MA-BATCH-97272,CREAM,AVAILABLE,234,228,273,False,336,True,True
966,Spasfon,2028-04,119.49,169.22,49.73,94,MA-BATCH-65742,SYRUP,AVAILABLE,198,133,464,False,265,True,True
967,Augmentin 1g,2027-06,121.31,168.5,47.19,14,MA-BATCH-54519,CREAM,AVAILABLE,366,599,482,False,121,True,True
968,Magne B6,2026-12,25.05,36.97,11.92,118,MA-BATCH-97712,SYRUP,AVAILABLE,175,564,353,False,427,True,True
969,Dafalgan 1g,2027-12,167.54,197.19,29.65,5,MA-BATCH-43367,TABLET,AVAILABLE,157,340,351,True,182,True,True
970,Magne B6,2028-08,62.91,90.49,27.58,57,MA-BATCH-15069,CAPSULE,AVAILABLE,107,107,426,False,254,True,True
971,Paracetamol Cooper,2027-10,175.23,209.79,34.56,17,MA-BATCH-93575,CAPSULE,AVAILABLE,410,472,239,False,280,True,True
972,Doliprane 1000mg,2028-10,79.51,127.78,48.27,87,MA-BATCH-48931,CAPSULE,AVAILABLE,528,271,442,False,265,True,True
973,Dafalgan 1g,2025-12,138.11,154.51,16.4,45,MA-BATCH-47148,CREAM,AVAILABLE,617,339,361,False,283,True,True
974,Aerius 5mg,2025-11,91.77,134.69,42.92,7,MA-BATCH-65474,SYRUP,AVAILABLE,245,269,321,False,308,True,True
975,Smecta,2026-07,153.65,195.91,42.26,71,MA-BATCH-14164,INJECTION,AVAILABLE,423,25,331,False,115,True,True
976,Voltaren 50mg,2026-04,24.76,36.84,12.08,12,MA-BATCH-77063,TABLET,AVAILABLE,121,248,517,False,265,True,True
977,Spasfon,2026-04,30.03,76.79,46.76,36,MA-BATCH-65613,CREAM,AVAILABLE,640,55,329,False,466,True,True
978,Magne B6,2025-09,161.46,209.09,47.63,19,MA-BATCH-12216,TABLET,AVAILABLE,375,224,212,False,244,True,True
979,Doliprane 1000mg,2028-08,61.23,110.68,49.45,83,MA-BATCH-26947,DROPS,AVAILABLE,672,461,503,False,94,True,True
980,Voltaren 50mg,2028-06,99.4,129.74,30.34,81,MA-BATCH-66556,DROPS,AVAILABLE,636,377,474,False,366,True,True
