id,username,email,password,role,status,pharmacy_id,created_at
1,reda_kabbaj_1,reda.kabbaj1@gmail.com,$2a$10$e8M1.A2m.0hZ4pS2gXv2d.7O3m5L.q2s9sXyZ.aK9x.1e8Z,OWNER,ACTIVE,319,2026-09-13T10:49:54
2,reda_tahiri_2,reda.tahiri2@gmail.com,$2a$10$e8M1.A2m.0hZ4pS2gXv2d.7O3m5L.q2s9sXyZ.aK9x.1e8Z,PHARMACIST,PENDING,198,2024-01-08T08:29:03
3,meryem_mansouri_3,meryem.mansouri3@gmail.com,$2a$10$e8M1.A2m.0hZ4pS2gXv2d.7O3m5L.q2s9sXyZ.aK9x.1e8Z,OWNER,DISABLED,378,2025-09-13T18:59:07
4,amine_alaoui_4,amine.alaoui4@gmail.com,$2a$10$e8M1.A2m.0hZ4pS2gXv2d.7O3m5L.q2s9sXyZ.aK9x.1e8Z,ADMIN,SUSPENDED,457,2024-08-19T16:22:22
5,siham_bennani_5,siham.bennani5@gmail.com,$2a$10$e8M1.A2m.0hZ4pS2gXv2d.7O3m5L.q2s9sXyZ.aK9x.1e8Z,ADMIN,ACTIVE,292,2024-07-02T10:54:36
6,mehdi_bennani_6,mehdi.bennani6@gmail.com,$2a$10$e8M1.A2m.0hZ4pS2gXv2d.7O3m5L.q2s9sXyZ.aK9x.1e8Z,OWNER,PENDING,212,2025-11-14T16:01:55
7,amine_skalli_7,amine.skalli7@gmail.com,$2a$10$e8M1.A2m.0hZ4pS2gXv2d.7O3m5L.q2s9sXyZ.aK9x.1e8Z,OWNER,PENDING,9,2024-05-20T20:19:45
8,karim_tazi_8,karim.tazi8@gmail.com,$2a$10$e8M1.A2m.0hZ4pS2gXv2d.7O3m5L.q2s9sXyZ.aK9x.1e8Z,STAFF,DISABLED,471,2025-04-15T12:43:33
9,othmane_tahiri_9,othmane.tahiri9@gmail.com,$2a$10$e8M1.A2m.0hZ4pS2gXv2d.7O3m5L.q2s9sXyZ.aK9x.1e8Z,PHARMACIST,ACTIVE,524,2026-06-18T18:38:38
10,zineb_chraibi_10,zineb.chraibi10@gmail.com,$2a$10$e8M1.A2m.0hZ4pS2gXv2d.7O3m5L.q2s9sXyZ.aK9x.1e8Z,PHARMACIST,SUSPENDED,66,2025-05-21T13:55:17
11,karim_naciri_11,karim.naciri11@gmail.com,$2a$10$e8M1.A2m.0hZ4pS2gXv2d.7O3m5L.q2s9sXyZ.aK9x.1e8Z,ADMIN,PENDING,154,2026-04-02T20:54:51
12,othmane_naciri_12,othmane.naciri12@gmail.com,$2a$10$e8M1.A2m.0hZ4pS2gXv2d.7O3m5L.q2s9sXyZ.aK9x.1e8Z,ADMIN,PENDING,27,2026-08-10T12:58:26
13,othmane_tazi_13,othmane.tazi13@gmail.com,$2a$10$e8M1.A2m.0hZ4pS2gXv2d.7O3m5L.q2s9sXyZ.aK9x.1e8Z,PHARMACIST,PENDING,352,2026-12-08T18:34:40
14,ilham_naciri_14,ilham.naciri14@gmail.com,$2a$10$e8M1.A2m.0hZ4pS2gXv2d.7O3m5L.q2s9sXyZ.aK9x.1e8Z,ADMIN,DISABLED,175,2026-09-06T12:06:30
15,fatima_mansouri_15,fatima.mansouri15@gmail.com,$2a$10$e8M1.A2m.0hZ4pS2gXv2d.7O3m5L.q2s9sXyZ.aK9x.1e8Z,ADMIN,PENDING,344,2026-02-08T13:14:47
16,zineb_tazi_16,zineb.tazi16@gmail.com,$2a$10$e8M1.A2m.0hZ4pS2gXv2d.7O3m5L.q2s9sXyZ.aK9x.1e8Z,ADMIN,DISABLED,267,2026-05-15T09:30:03
17,omar_skalli_17,omar.skalli17@gmail.com,$2a$10$e8M1.A2m.0hZ4pS2gXv2d.7O3m5L.q2s9sXyZ.aK9x.1e8Z,OWNER,ACTIVE,391,2026-05-14T08:55:54
18,fatima_berrada_18,fatima.berrada18@gmail.com,$2a$10$e8M1.A2m.0hZ4pS2gXv2d.7O3m5L.q2s9sXyZ.aK9x.1e8Z,OWNER,DISABLED,420,2026-08-05T13:55:45
19,siham_kabbaj_19,siham.kabbaj19@gmail.com,$2a$10$e8M1.A2m.0hZ4pS2gXv2d.7O3m5L.q2s9sXyZ.aK9x.1e8Z,PHARMACIST,SUSPENDED,341,2026-03-11T18:03:00
20,saddik_chraibi_20,saddik.chraibi20@gmail.com,$2a$10$e8M1.A2m.0hZ4pS2gXv2d.7O3m5L.q2s9sXyZ.aK9x.1e8Z,OWNER,PENDING,163,2025-02-05T17:27:40
21,nadia_tazi_21,nadia.tazi21@gmail.com,$2a$10$e8M1.A2m.0hZ4pS2gXv2d.7O3m5L.q2s9sXyZ.aK9x.1e8Z,STAFF,SUSPENDED,393,2024-01-18T11:46:23
22,amine_el idrissi_22,amine.el idrissi22@gmail.com,$2a$10$e8M1.A2m.0hZ4pS2gXv2d.7O3m5L.q2s9sXyZ.aK9x.1e8Z,OWNER,ACTIVE,5,2026-12-08T11:44:56
23,meryem_chraibi_23,meryem.chraibi23@gmail.com,$2a$10$e8M1.A2m.0hZ4pS2gXv2d.7O3m5L.q2s9sXyZ.aK9x.1e8Z,OWNER,ACTIVE,393,2026-10-10T10:04:52
24,youssef_chraibi_24,youssef.chraibi24@gmail.com,$2a$10$e8M1.A2m.0hZ4pS2gXv2d.7O3m5L.q2s9sXyZ.aK9x.1e8Z,ADMIN,SUSPENDED,533,2026-09-11T14:56:43
25,fatima_el idrissi_25,fatima.el idrissi25@gmail.com,$2a$10$e8M1.A2m.0hZ4pS2gXv2d.7O3m5L.q2s9sXyZ.aK9x.1e8Z,STAFF,DISABLED,193,2024-07-01T11:14:46
26,fatima_alaoui_26,fatima.alaoui26@gmail.com,$2a$10$e8M1.A2m.0hZ4pS2gXv2d.7O3m5L.q2s9sXyZ.aK9x.1e8Z,PHARMACIST,PENDING,127,2025-12-21T20:02:24
27,karim_kabbaj_27,karim.kabbaj27@gmail.com,$2a$10$e8M1.A2m.0hZ4pS2gXv2d.7O3m5L.q2s9sXyZ.aK9x.1e8Z,PHARMACIST,ACTIVE,111,2026-01-02T19:07:26
28,saddik_tazi_28,saddik.tazi28@gmail.com,$2a$10$e8M1.A2m.0hZ4pS2gXv2d.7O3m5L.q2s9sXyZ.aK9x.1e8Z,PHARMACIST,DISABLED,486,2026-03-07T19:43:40
29,amine_chraibi_29,amine.chraibi29@gmail.com,$2a$10$e8M1.A2m.0hZ4pS2gXv2d.7O3m5L.q2s9sXyZ.aK9x.1e8Z,STAFF,ACTIVE,533,2025-10-20T19:08:26
30,khadija_daoudi_30,khadija.daoudi30@gmail.com,$2a$10$e8M1.A2m.0hZ4pS2gXv2d.7O3m5L.q2s9sXyZ.aK9x.1e8Z,PHARMACIST,DISABLED,117,2024-08-07T17:12:49
31,karim_bennani_31,karim.bennani31@gmail.com,$2a$10$e8M1.A2m.0hZ4pS2gXv2d.7O3m5L.q2s9sXyZ.aK9x.1e8Z,OWNER,DISABLED,420,2025-03-02T16:31:58
32,mehdi_mansouri_32,mehdi.mansouri32@gmail.com,$2a$10$e8M1.A2m.0hZ4pS2gXv2d.7O3m5L.q2s9sXyZ.aK9x.1e8Z,STAFF,DISABLED,241,2024-01-22T09:58:07
33,ilham_berrada_33,ilham.berrada33@gmail.com,$2a$10$e8M1.A2m.0hZ4pS2gXv2d.7O3m5L.q2s9sXyZ.aK9x.1e8Z,PHARMACIST,ACTIVE,104,2025-11-08T15:18:16
34,saddik_el amrani_34,saddik.el amrani34@gmail.com,$2a$10$e8M1.A2m.0hZ4pS2gXv2d.7O3m5L.q2s9sXyZ.aK9x.1e8Z,PHARMACIST,PENDING,41,2025-06-26T18:20:27
35,khadija_benjelloun_35,khadija.benjelloun35@gmail.com,$2a$10$e8M1.A2m.0hZ4pS2gXv2d.7O3m5L.q2s9sXyZ.aK9x.1e8Z,PHARMACIST,ACTIVE,142,2026-11-06T13:22:57
36,saddik_tahiri_36,saddik.tahiri36@gmail.com,$2a$10$e8M1.A2m.0hZ4pS2gXv2d.7O3m5L.q2s9sXyZ.aK9x.1e8Z,ADMIN,ACTIVE,382,2025-03-04T14:25:29
37,karim_bennani_37,karim.bennani37@gmail.com,$2a$10$e8M1.A2m.0hZ4pS2gXv2d.7O3m5L.q2s9sXyZ.aK9x.1e8Z,STAFF,SUSPENDED,432,2026-03-04T10:44:46
38,youssef_bennani_38,youssef.bennani38@gmail.com,$2a$10$e8M1.A2m.0hZ4pS2gXv2d.7O3m5L.q2s9sXyZ.aK9x.1e8Z,OWNER,ACTIVE,427,2026-08-26T17:43:28
39,siham_tahiri_39,siham.tahiri39@gmail.com,$2a$10$e8M1.A2m.0hZ4pS2gXv2d.7O3m5L.q2s9sXyZ.aK9x.1e8Z,STAFF,DISABLED,30,2026-12-05T15:58:31
40,khadija_tazi_40,khadija.tazi40@gmail.com,$2a$10$e8M1.A2m.0hZ4pS2gXv2d.7O3m5L.q2s9sXyZ.aK9x.1e8Z,STAFF,ACTIVE,65,2025-11-11T08:45:55
41,reda_kabbaj_41,reda.kabbaj41@gmail.com,$2a$10$e8M1.A2m.0hZ4pS2gXv2d.7O3m5L.q2s9sXyZ.aK9x.1e8Z,OWNER,DISABLED,532,2026-12-23T17:06:27
42,hassan_skalli_42,hassan.skalli42@gmail.com,$2a$10$e8M1.A2m.0hZ4pS2gXv2d.7O3m5L.q2s9sXyZ.aK9x.1e8Z,ADMIN,SUSPENDED,153,2026-10-02T08:41:59
43,siham_daoudi_43,siham.daoudi43@gmail.com,$2a$10$e8M1.A2m.0hZ4pS2gXv2d.7O3m5L.q2s9sXyZ.aK9x.1e8Z,STAFF,SUSPENDED,170,2024-08-11T11:21:17
44,youssef_daoudi_44,youssef.daoudi44@gmail.com,$2a$10$e8M1.A2m.0hZ4pS2gXv2d.7O3m5L.q2s9sXyZ.aK9x.1e8Z,OWNER,SUSPENDED,413,2024-02-15T15:51:36
45,saddik_benjelloun_45,saddik.benjelloun45@gmail.com,$2a$10$e8M1.A2m.0hZ4pS2gXv2d.7O3m5L.q2s9sXyZ.aK9x.1e8Z,STAFF,SUSPENDED,324,2024-08-24T18:01:06
46,othmane_tazi_46,othmane.tazi46@gmail.com,$2a$10$e8M1.A2m.0hZ4pS2gXv2d.7O3m5L.q2s9sXyZ.aK9x.1e8Z,PHARMACIST,ACTIVE,94,2026-10-21T12:56:32
47,houda_alaoui_47,houda.alaoui47@gmail.com,$2a$10$e8M1.A2m.0hZ4pS2gXv2d.7O3m5L.q2s9sXyZ.aK9x.1e8Z,STAFF,DISABLED,373,2024-04-28T15:21:35
48,ilham_mansouri_48,ilham.mansouri48@gmail.com,$2a$10$e8M1.A2m.0hZ4pS2gXv2d.7O3m5L.q2s9sXyZ.aK9x.1e8Z,ADMIN,SUSPENDED,117,2024-11-08T08:21:22
49,zineb_daoudi_49,zineb.daoudi49@gmail.com,$2a$10$e8M1.A2m.0hZ4pS2gXv2d.7O3m5L.q2s9sXyZ.aK9x.1e8Z,ADMIN,ACTIVE,47,2024-08-05T19:47:46
50,nadia_benjelloun_50,nadia.benjelloun50@gmail.com,$2a$10$e8M1.A2m.0hZ4pS2gXv2d.7O3m5L.q2s9sXyZ.aK9x.1e8Z,ADMIN,PENDING,193,2024-07-07T15:52:50
51,mehdi_mansouri_51,mehdi.mansouri51@gmail.com,$2a$10$e8M1.A2m.0hZ4pS2gXv2d.7O3m5L.q2s9sXyZ.aK9x.1e8Z,ADMIN,ACTIVE,425,2024-11-27T18:37:07
52,saddik_skalli_52,saddik.skalli52@gmail.com,$2a$10$e8M1.A2m.0hZ4pS2gXv2d.7O3m5L.q2s9sXyZ.aK9x.1e8Z,OWNER,SUSPENDED,5,2026-12-02T16:59:27
53,ilham_daoudi_53,ilham.daoudi53@gmail.com,$2a$10$e8M1.A2m.0hZ4pS2gXv2d.7O3m5L.q2s9sXyZ.aK9x.1e8Z,OWNER,PENDING,132,2024-07-22T17:38:56
54,soufiane_daoudi_54,soufiane.daoudi54@gmail.com,$2a$10$e8M1.A2m.0hZ4pS2gXv2d.7O3m5L.q2s9sXyZ.aK9x.1e8Z,STAFF,SUSPENDED,255,2025-07-11T12:28:51
55,fatima_berrada_55,fatima.berrada55@gmail.com,$2a$10$e8M1.A2m.0hZ4pS2gXv2d.7O3m5L.q2s9sXyZ.aK9x.1e8Z,STAFF,DISABLED,322,2026-12-18T18:13:12
56,mehdi_tahiri_56,mehdi.tahiri56@gmail.com,$2a$10$e8M1.A2m.0hZ4pS2gXv2d.7O3m5L.q2s9sXyZ.aK9x.1e8Z,ADMIN,DISABLED,136,2026-11-06T16:34:44
57,soufiane_mansouri_57,soufiane.mansouri57@gmail.com,$2a$10$e8M1.A2m.0hZ4pS2gXv2d.7O3m5L.q2s9sXyZ.aK9x.1e8Z,PHARMACIST,DISABLED,492,2026-10-22T19:26:43
58,houda_chraibi_58,houda.chraibi58@gmail.com,$2a$10$e8M1.A2m.0hZ4pS2gXv2d.7O3m5L.q2s9sXyZ.aK9x.1e8Z,STAFF,ACTIVE,536,2024-01-13T10:03:42
59,youssef_alaoui_59,youssef.alaoui59@gmail.com,$2a$10$e8M1.A2m.0hZ4pS2gXv2d.7O3m5L.q2s9sXyZ.aK9x.1e8Z,ADMIN,PENDING,294,2026-05-05T08:44:50
60,zineb_alaoui_60,zineb.alaoui60@gmail.com,$2a$10$e8M1.A2m.0hZ4pS2gXv2d.7O3m5L.q2s9sXyZ.aK9x.1e8Z,PHARMACIST,DISABLED,464,2024-10-28T18:47:35
61,hassan_mansouri_61,hassan.mansouri61@gmail.com,$2a$10$e8M1.A2m.0hZ4pS2gXv2d.7O3m5L.q2s9sXyZ.aK9x.1e8Z,STAFF,PENDING,524,2026-05-23T18:03:59
62,othmane_tazi_62,othmane.tazi62@gmail.com,$2a$10$e8M1.A2m.0hZ4pS2gXv2d.7O3m5L.q2s9sXyZ.aK9x.1e8Z,STAFF,DISABLED,56,2024-12-09T11:39:55
63,saddik_bennani_63,saddik.bennani63@gmail.com,$2a$10$e8M1.A2m.0hZ4pS2gXv2d.7O3m5L.q2s9sXyZ.aK9x.1e8Z,OWNER,DISABLED,202,2026-04-10T15:11:43
64,omar_berrada_64,omar.berrada64@gmail.com,$2a$10$e8M1.A2m.0hZ4pS2gXv2d.7O3m5L.q2s9sXyZ.aK9x.1e8Z,OWNER,ACTIVE,387,2024-07-09T16:16:08
65,siham_tahiri_65,siham.tahiri65@gmail.com,$2a$10$e8M1.A2m.0hZ4pS2gXv2d.7O3m5L.q2s9sXyZ.aK9x.1e8Z,ADMIN,ACTIVE,339,2025-12-05T08:09:59
66,soufiane_tahiri_66,soufiane.tahiri66@gmail.com,$2a$10$e8M1.A2m.0hZ4pS2gXv2d.7O3m5L.q2s9sXyZ.aK9x.1e8Z,PHARMACIST,DISABLED,503,2026-09-12T09:50:45
67,soufiane_daoudi_67,soufiane.daoudi67@gmail.com,$2a$10$e8M1.A2m.0hZ4pS2gXv2d.7O3m5L.q2s9sXyZ.aK9x.1e8Z,OWNER,PENDING,534,2024-09-06T14:34:34
68,othmane_benjelloun_68,othmane.benjelloun68@gmail.com,$2a$10$e8M1.A2m.0hZ4pS2gXv2d.7O3m5L.q2s9sXyZ.aK9x.1e8Z,ADMIN,PENDING,219,2026-06-11T13:18:13
69,reda_skalli_69,reda.skalli69@gmail.com,$2a$10$e8M1.A2m.0hZ4pS2gXv2d.7O3m5L.q2s9sXyZ.aK9x.1e8Z,PHARMACIST,ACTIVE,355,2025-04-21T17:58:39
70,hassan_el amrani_70,hassan.el amrani70@gmail.com,$2a$10$e8M1.A2m.0hZ4pS2gXv2d.7O3m5L.q2s9sXyZ.aK9x.1e8Z,ADMIN,SUSPENDED,117,2025-05-18T19:18:01
71,reda_bennani_71,reda.bennani71@gmail.com,$2a$10$e8M1.A2m.0hZ4pS2gXv2d.7O3m5L.q2s9sXyZ.aK9x.1e8Z,ADMIN,SUSPENDED,499,2024-05-21T11:20:32
72,omar_benjelloun_72,omar.benjelloun72@gmail.com,$2a$10$e8M1.A2m.0hZ4pS2gXv2d.7O3m5L.q2s9sXyZ.aK9x.1e8Z,OWNER,ACTIVE,68,2024-11-21T20:13:55
73,nadia_bennani_73,nadia.bennani73@gmail.com,$2a$10$e8M1.A2m.0hZ4pS2gXv2d.7O3m5L.q2s9sXyZ.aK9x.1e8Z,PHARMACIST,PENDING,446,2026-02-24T18:09:01
74,saddik_mansouri_74,saddik.mansouri74@gmail.com,$2a$10$e8M1.A2m.0hZ4pS2gXv2d.7O3m5L.q2s9sXyZ.aK9x.1e8Z,ADMIN,ACTIVE,90,2024-01-06T20:16:35
75,omar_tahiri_75,omar.tahiri75@gmail.com,$2a$10$e8M1.A2m.0hZ4pS2gXv2d.7O3m5L.q2s9sXyZ.aK9x.1e8Z,OWNER,DISABLED,418,2025-08-21T14:27:20
76,amine_tazi_76,amine.tazi76@gmail.com,$2a$10$e8M1.A2m.0hZ4pS2gXv2d.7O3m5L.q2s9sXyZ.aK9x.1e8Z,PHARMACIST,ACTIVE,65,2026-10-02T19:54:04
77,meryem_daoudi_77,meryem.daoudi77@gmail.com,$2a$10$e8M1.A2m.0hZ4pS2gXv2d.7O3m5L.q2s9sXyZ.aK9x.1e8Z,PHARMACIST,DISABLED,309,2026-02-10T20:59:28
78,othmane_tazi_78,othmane.tazi78@gmail.com,$2a$10$e8M1.A2m.0hZ4pS2gXv2d.7O3m5L.q2s9sXyZ.aK9x.1e8Z,PHARMACIST,SUSPENDED,161,2026-04-05T19:25:50
79,houda_chraibi_79,houda.chraibi79@gmail.com,$2a$10$e8M1.A2m.0hZ4pS2gXv2d.7O3m5L.q2s9sXyZ.aK9x.1e8Z,OWNER,DISABLED,383,2024-09-28T16:09:07
80,youssef_el amrani_80,youssef.el amrani80@gmail.com,$2a$10$e8M1.A2m.0hZ4pS2gXv2d.7O3m5L.q2s9sXyZ.aK9x.1e8Z,STAFF,ACTIVE,313,2024-12-24T19:22:13
81,nadia_naciri_81,nadia.naciri81@gmail.com,$2a$10$e8M1.A2m.0hZ4pS2gXv2d.7O3m5L.q2s9sXyZ.aK9x.1e8Z,OWNER,PENDING,189,2024-10-27T12:12:07
82,siham_naciri_82,siham.naciri82@gmail.com,$2a$10$e8M1.A2m.0hZ4pS2gXv2d.7O3m5L.q2s9sXyZ.aK9x.1e8Z,PHARMACIST,SUSPENDED,75,2025-11-03T12:06:12
83,ilham_el idrissi_83,ilham.el idrissi83@gmail.com,$2a$10$e8M1.A2m.0hZ4pS2gXv2d.7O3m5L.q2s9sXyZ.aK9x.1e8Z,ADMIN,PENDING,241,2024-05-20T09:57:12
84,soufiane_skalli_84,soufiane.skalli84@gmail.com,$2a$10$e8M1.A2m.0hZ4pS2gXv2d.7O3m5L.q2s9sXyZ.aK9x.1e8Z,STAFF,DISABLED,314,2026-10-05T17:36:23
85,soufiane_tazi_85,soufiane.tazi85@gmail.com,$2a$10$e8M1.A2m.0hZ4pS2gXv2d.7O3m5L.q2s9sXyZ.aK9x.1e8Z,OWNER,ACTIVE,321,2024-04-23T19:41:27
86,karim_bennani_86,karim.bennani86@gmail.com,$2a$10$e8M1.A2m.0hZ4pS2gXv2d.7O3m5L.q2s9sXyZ.aK9x.1e8Z,ADMIN,PENDING,340,2025-08-15T13:49:19
87,ilham_daoudi_87,ilham.daoudi87@gmail.com,$2a$10$e8M1.A2m.0hZ4pS2gXv2d.7O3m5L.q2s9sXyZ.aK9x.1e8Z,PHARMACIST,PENDING,84,2025-03-18T11:16:46
88,omar_mansouri_88,omar.mansouri88@gmail.com,$2a$10$e8M1.A2m.0hZ4pS2gXv2d.7O3m5L.q2s9sXyZ.aK9x.1e8Z,PHARMACIST,ACTIVE,520,2026-01-27T17:37:25
89,mehdi_el amrani_89,mehdi.el amrani89@gmail.com,$2a$10$e8M1.A2m.0hZ4pS2gXv2d.7O3m5L.q2s9sXyZ.aK9x.1e8Z,ADMIN,SUSPENDED,153,2025-07-08T20:37:46
90,zineb_berrada_90,zineb.berrada90@gmail.com,$2a$10$e8M1.A2m.0hZ4pS2gXv2d.7O3m5L.q2s9sXyZ.aK9x.1e8Z,STAFF,ACTIVE,407,2025-09-01T18:15:54
91,siham_kabbaj_91,siham.kabbaj91@gmail.com,$2a$10$e8M1.A2m.0hZ4pS2gXv2d.7O3m5L.q2s9sXyZ.aK9x.1e8Z,OWNER,SUSPENDED,164,2024-10-19T18:55:09
92,ilham_el idrissi_92,ilham.el idrissi92@gmail.com,$2a$10$e8M1.A2m.0hZ4pS2gXv2d.7O3m5L.q2s9sXyZ.aK9x.1e8Z,PHARMACIST,PENDING,500,2024-02-09T13:14:02
93,mehdi_daoudi_93,mehdi.daoudi93@gmail.com,$2a$10$e8M1.A2m.0hZ4pS2gXv2d.7O3m5L.q2s9sXyZ.aK9x.1e8Z,ADMIN,SUSPENDED,481,2025-01-02T18:20:06
94,reda_naciri_94,reda.naciri94@gmail.com,$2a$10$e8M1.A2m.0hZ4pS2gXv2d.7O3m5L.q2s9sXyZ.aK9x.1e8Z,ADMIN,DISABLED,179,2025-11-13T13:37:41
95,omar_daoudi_95,omar.daoudi95@gmail.com,$2a$10$e8M1.A2m.0hZ4pS2gXv2d.7O3m5L.q2s9sXyZ.aK9x.1e8Z,ADMIN,SUSPENDED,229,2026-07-12T13:31:50
96,ilham_tahiri_96,ilham.tahiri96@gmail.com,$2a$10$e8M1.A2m.0hZ4pS2gXv2d.7O3m5L.q2s9sXyZ.aK9x.1e8Z,PHARMACIST,PENDING,451,2024-04-03T16:41:17
97,mehdi_berrada_97,mehdi.berrada97@gmail.com,$2a$10$e8M1.A2m.0hZ4pS2gXv2d.7O3m5L.q2s9sXyZ.aK9x.1e8Z,OWNER,PENDING,371,2026-12-27T09:42:14
98,nadia_kabbaj_98,nadia.kabbaj98@gmail.com,$2a$10$e8M1.A2m.0hZ4pS2gXv2d.7O3m5L.q2s9sXyZ.aK9x.1e8Z,ADMIN,ACTIVE,494,2026-08-16T11:37:10
99,nadia_el amrani_99,nadia.el amrani99@gmail.com,$2a$10$e8M1.A2m.0hZ4pS2gXv2d.7O3m5L.q2s9sXyZ.aK9x.1e8Z,OWNER,ACTIVE,131,2026-10-06T10:40:32
100,youssef_tahiri_100,youssef.tahiri100@gmail.com,$2a$10$e8M1.A2m.0hZ4pS2gXv2d.7O3m5L.q2s9sXyZ.aK9x.1e8Z,OWNER,ACTIVE,171,2025-03-17T14:38:36
101,amine_mansouri_101,amine.mansouri101@gmail.com,$2a$10$e8M1.A2m.0hZ4pS2gXv2d.7O3m5L.q2s9sXyZ.aK9x.1e8Z,ADMIN,ACTIVE,222,2025-10-16T15:10:14
102,nadia_tahiri_102,nadia.tahiri102@gmail.com,$2a$10$e8M1.A2m.0hZ4pS2gXv2d.7O3m5L.q2s9sXyZ.aK9x.1e8Z,OWNER,PENDING,524,2025-03-24T18:21:59
103,saddik_tahiri_103,saddik.tahiri103@gmail.com,$2a$10$e8M1.A2m.0hZ4pS2gXv2d.7O3m5L.q2s9sXyZ.aK9x.1e8Z,PHARMACIST,PENDING,388,2025-03-04T08:12:33
104,reda_naciri_104,reda.naciri104@gmail.com,$2a$10$e8M1.A2m.0hZ4pS2gXv2d.7O3m5L.q2s9sXyZ.aK9x.1e8Z,STAFF,PENDING,99,2024-08-20T17:02:56
105,houda_daoudi_105,houda.daoudi105@gmail.com,$2a$10$e8M1.A2m.0hZ4pS2gXv2d.7O3m5L.q2s9sXyZ.aK9x.1e8Z,PHARMACIST,ACTIVE,494,2026-03-20T16:52:00
106,nadia_daoudi_106,nadia.daoudi106@gmail.com,$2a$10$e8M1.A2m.0hZ4pS2gXv2d.7O3m5L.q2s9sXyZ.aK9x.1e8Z,STAFF,DISABLED,45,2026-09-14T11:51:30
107,othmane_el idrissi_107,othmane.el idrissi107@gmail.com,$2a$10$e8M1.A2m.0hZ4pS2gXv2d.7O3m5L.q2s9sXyZ.aK9x.1e8Z,PHARMACIST,SUSPENDED,138,2025-08-25T11:58:54
108,omar_chraibi_108,omar.chraibi108@gmail.com,$2a$10$e8M1.A2m.0hZ4pS2gXv2d.7O3m5L.q2s9sXyZ.aK9x.1e8Z,STAFF,DISABLED,194,2024-12-24T20:00:36
109,reda_benjelloun_109,reda.benjelloun109@gmail.com,$2a$10$e8M1.A2m.0hZ4pS2gXv2d.7O3m5L.q2s9sXyZ.aK9x.1e8Z,PHARMACIST,SUSPENDED,211,2026-06-14T13:06:09
110,nadia_naciri_110,nadia.naciri110@gmail.com,$2a$10$e8M1.A2m.0hZ4pS2gXv2d.7O3m5L.q2s9sXyZ.aK9x.1e8Z,ADMIN,DISABLED,549,2025-10-12T17:17:43
111,othmane_kabbaj_111,othmane.kabbaj111@gmail.com,$2a$10$e8M1.A2m.0hZ4pS2gXv2d.7O3m5L.q2s9sXyZ.aK9x.1e8Z,OWNER,SUSPENDED,495,2024-06-18T16:30:16
112,zineb_tahiri_112,zineb.tahiri112@gmail.com,$2a$10$e8M1.A2m.0hZ4pS2gXv2d.7O3m5L.q2s9sXyZ.aK9x.1e8Z,ADMIN,SUSPENDED,142,2026-02-24T11:28:50
113,siham_benjelloun_113,siham.benjelloun113@gmail.com,$2a$10$e8M1.A2m.0hZ4pS2gXv2d.7O3m5L.q2s9sXyZ.aK9x.1e8Z,OWNER,SUSPENDED,347,2026-10-23T18:45:03
114,siham_tazi_114,siham.tazi114@gmail.com,$2a$10$e8M1.A2m.0hZ4pS2gXv2d.7O3m5L.q2s9sXyZ.aK9x.1e8Z,PHARMACIST,ACTIVE,149,2025-10-14T09:04:16
115,hassan_el idrissi_115,hassan.el idrissi115@gmail.com,$2a$10$e8M1.A2m.0hZ4pS2gXv2d.7O3m5L.q2s9sXyZ.aK9x.1e8Z,PHARMACIST,ACTIVE,394,2025-10-21T16:18:45
116,youssef_kabbaj_116,youssef.kabbaj116@gmail.com,$2a$10$e8M1.A2m.0hZ4pS2gXv2d.7O3m5L.q2s9sXyZ.aK9x.1e8Z,OWNER,SUSPENDED,450,2024-04-28T18:59:51
117,reda_chraibi_117,reda.chraibi117@gmail.com,$2a$10$e8M1.A2m.0hZ4pS2gXv2d.7O3m5L.q2s9sXyZ.aK9x.1e8Z,OWNER,ACTIVE,523,2026-12-08T17:10:43
118,youssef_el idrissi_118,youssef.el idrissi118@gmail.com,$2a$10$e8M1.A2m.0hZ4pS2gXv2d.7O3m5L.q2s9sXyZ.aK9x.1e8Z,OWNER,ACTIVE,162,2024-05-25T14:22:42
119,othmane_tazi_119,othmane.tazi119@gmail.com,$2a$10$e8M1.A2m.0hZ4pS2gXv2d.7O3m5L.q2s9sXyZ.aK9x.1e8Z,OWNER,ACTIVE,71,2024-09-10T19:53:35
120,meryem_el idrissi_120,meryem.el idrissi120@gmail.com,$2a$10$e8M1.A2m.0hZ4pS2gXv2d.7O3m5L.q2s9sXyZ.aK9x.1e8Z,ADMIN,PENDING,200,2025-07-19T08:16:11
121,nadia_daoudi_121,nadia.daoudi121@gmail.com,$2a$10$e8M1.A2m.0hZ4pS2gXv2d.7O3m5L.q2s9sXyZ.aK9x.1e8Z,PHARMACIST,ACTIVE,516,2025-06-04T20:32:16
122,houda_bennani_122,houda.bennani122@gmail.com,$2a$10$e8M1.A2m.0hZ4pS2gXv2d.7O3m5L.q2s9sXyZ.aK9x.1e8Z,ADMIN,SUSPENDED,387,2026-08-25T11:48:21
123,saddik_naciri_123,saddik.naciri123@gmail.com,$2a$10$e8M1.A2m.0hZ4pS2gXv2d.7O3m5L.q2s9sXyZ.aK9x.1e8Z,STAFF,ACTIVE,494,2024-05-03T14:40:50
124,hassan_naciri_124,hassan.naciri124@gmail.com,$2a$10$e8M1.A2m.0hZ4pS2gXv2d.7O3m5L.q2s9sXyZ.aK9x.1e8Z,OWNER,DISABLED,423,2025-09-18T08:44:53
125,karim_alaoui_125,karim.alaoui125@gmail.com,$2a$10$e8M1.A2m.0hZ4pS2gXv2d.7O3m5L.q2s9sXyZ.aK9x.1e8Z,ADMIN,ACTIVE,409,2026-12-27T13:04:35
126,siham_skalli_126,siham.skalli126@gmail.com,$2a$10$e8M1.A2m.0hZ4pS2gXv2d.7O3m5L.q2s9sXyZ.aK9x.1e8Z,ADMIN,DISABLED,224,2026-05-06T19:43:59
127,mehdi_skalli_127,mehdi.skalli127@gmail.com,$2a$10$e8M1.A2m.0hZ4pS2gXv2d.7O3m5L.q2s9sXyZ.aK9x.1e8Z,OWNER,PENDING,248,2025-04-08T11:53:15
128,meryem_berrada_128,meryem.berrada128@gmail.com,$2a$10$e8M1.A2m.0hZ4pS2gXv2d.7O3m5L.q2s9sXyZ.aK9x.1e8Z,PHARMACIST,ACTIVE,81,2026-11-16T17:00:48
129,houda_el amrani_129,houda.el amrani129@gmail.com,$2a$10$e8M1.A2m.0hZ4pS2gXv2d.7O3m5L.q2s9sXyZ.aK9x.1e8Z,STAFF,DISABLED,323,2025-10-28T12:31:11
130,reda_chraibi_130,reda.chraibi130@gmail.com,$2a$10$e8M1.A2m.0hZ4pS2gXv2d.7O3m5L.q2s9sXyZ.aK9x.1e8Z,STAFF,PENDING,132,2024-09-26T14:30:34
131,youssef_daoudi_131,youssef.daoudi131@gmail.com,$2a$10$e8M1.A2m.0hZ4pS2gXv2d.7O3m5L.q2s9sXyZ.aK9x.1e8Z,ADMIN,SUSPENDED,179,2025-02-23T16:29:20
132,amine_el amrani_132,amine.el amrani132@gmail.com,$2a$10$e8M1.A2m.0hZ4pS2gXv2d.7O3m5L.q2s9sXyZ.aK9x.1e8Z,OWNER,SUSPENDED,104,2025-06-20T12:11:35
133,karim_alaoui_133,karim.alaoui133@gmail.com,$2a$10$e8M1.A2m.0hZ4pS2gXv2d.7O3m5L.q2s9sXyZ.aK9x.1e8Z,ADMIN,SUSPENDED,352,2025-03-16T14:13:26
134,meryem_el idrissi_134,meryem.el idrissi134@gmail.com,$2a$10$e8M1.A2m.0hZ4pS2gXv2d.7O3m5L.q2s9sXyZ.aK9x.1e8Z,STAFF,DISABLED,462,2024-10-05T17:43:14
135,khadija_mansouri_135,khadija.mansouri135@gmail.com,$2a$10$e8M1.A2m.0hZ4pS2gXv2d.7O3m5L.q2s9sXyZ.aK9x.1e8Z,ADMIN,PENDING,443,2025-04-05T20:47:09
136,ilham_kabbaj_136,ilham.kabbaj136@gmail.com,$2a$10$e8M1.A2m.0hZ4pS2gXv2d.7O3m5L.q2s9sXyZ.aK9x.1e8Z,PHARMACIST,PENDING,432,2025-03-28T18:33:34
137,soufiane_kabbaj_137,soufiane.kabbaj137@gmail.com,$2a$10$e8M1.A2m.0hZ4pS2gXv2d.7O3m5L.q2s9sXyZ.aK9x.1e8Z,STAFF,DISABLED,257,2026-10-02T14:06:44
138,siham_el amrani_138,siham.el amrani138@gmail.com,$2a$10$e8M1.A2m.0hZ4pS2gXv2d.7O3m5L.q2s9sXyZ.aK9x.1e8Z,OWNER,DISABLED,488,2026-02-15T19:21:16
139,meryem_el idrissi_139,meryem.el idrissi139@gmail.com,$2a$10$e8M1.A2m.0hZ4pS2gXv2d.7O3m5L.q2s9sXyZ.aK9x.1e8Z,ADMIN,DISABLED,21,2025-02-12T18:38:12
140,houda_berrada_140,houda.berrada140@gmail.com,$2a$10$e8M1.A2m.0hZ4pS2gXv2d.7O3m5L.q2s9sXyZ.aK9x.1e8Z,ADMIN,DISABLED,333,2026-09-16T20:47:28
141,omar_tazi_141,omar.tazi141@gmail.com,$2a$10$e8M1.A2m.0hZ4pS2gXv2d.7O3m5L.q2s9sXyZ.aK9x.1e8Z,ADMIN,SUSPENDED,149,2024-11-26T13:26:40
142,othmane_bennani_142,othmane.bennani142@gmail.com,$2a$10$e8M1.A2m.0hZ4pS2gXv2d.7O3m5L.q2s9sXyZ.aK9x.1e8Z,PHARMACIST,ACTIVE,166,2025-04-11T13:41:18
143,karim_tahiri_143,karim.tahiri143@gmail.com,$2a$10$e8M1.A2m.0hZ4pS2gXv2d.7O3m5L.q2s9sXyZ.aK9x.1e8Z,STAFF,DISABLED,456,2025-12-19T16:28:26
144,siham_berrada_144,siham.berrada144@gmail.com,$2a$10$e8M1.A2m.0hZ4pS2gXv2d.7O3m5L.q2s9sXyZ.aK9x.1e8Z,PHARMACIST,PENDING,241,2026-05-24T19:47:05
145,mehdi_berrada_145,mehdi.berrada145@gmail.com,$2a$10$e8M1.A2m.0hZ4pS2gXv2d.7O3m5L.q2s9sXyZ.aK9x.1e8Z,STAFF,ACTIVE,98,2024-08-18T08:01:49
146,othmane_daoudi_146,othmane.daoudi146@gmail.com,$2a$10$e8M1.A2m.0hZ4pS2gXv2d.7O3m5L.q2s9sXyZ.aK9x.1e8Z,PHARMACIST,ACTIVE,269,2026-03-03T18:59:56
147,othmane_chraibi_147,othmane.chraibi147@gmail.com,$2a$10$e8M1.A2m.0hZ4pS2gXv2d.7O3m5L.q2s9sXyZ.aK9x.1e8Z,OWNER,PENDING,291,2025-11-05T10:33:53
148,siham_el amrani_148,siham.el amrani148@gmail.com,$2a$10$e8M1.A2m.0hZ4pS2gXv2d.7O3m5L.q2s9sXyZ.aK9x.1e8Z,PHARMACIST,DISABLED,334,2025-08-28T16:59:17
149,houda_skalli_149,houda.skalli149@gmail.com,$2a$10$e8M1.A2m.0hZ4pS2gXv2d.7O3m5L.q2s9sXyZ.aK9x.1e8Z,OWNER,PENDING,468,2026-12-21T17:27:33
150,houda_chraibi_150,houda.chraibi150@gmail.com,$2a$10$e8M1.A2m.0hZ4pS2gXv2d.7O3m5L.q2s9sXyZ.aK9x.1e8Z,ADMIN,SUSPENDED,233,2024-08-10T13:26:16
151,fatima_chraibi_151,fatima.chraibi151@gmail.com,$2a$10$e8M1.A2m.0hZ4pS2gXv2d.7O3m5L.q2s9sXyZ.aK9x.1e8Z,PHARMACIST,ACTIVE,536,2024-06-10T15:34:00
152,ilham_kabbaj_152,ilham.kabbaj152@gmail.com,$2a$10$e8M1.A2m.0hZ4pS2gXv2d.7O3m5L.q2s9sXyZ.aK9x.1e8Z,STAFF,DISABLED,10,2025-05-20T11:50:00
153,houda_el idrissi_153,houda.el idrissi153@gmail.com,$2a$10$e8M1.A2m.0hZ4pS2gXv2d.7O3m5L.q2s9sXyZ.aK9x.1e8Z,OWNER,SUSPENDED,448,2025-04-06T19:47:41
154,othmane_bennani_154,othmane.bennani154@gmail.com,$2a$10$e8M1.A2m.0hZ4pS2gXv2d.7O3m5L.q2s9sXyZ.aK9x.1e8Z,STAFF,PENDING,270,2024-07-21T11:33:48
155,karim_chraibi_155,karim.chraibi155@gmail.com,$2a$10$e8M1.A2m.0hZ4pS2gXv2d.7O3m5L.q2s9sXyZ.aK9x.1e8Z,ADMIN,SUSPENDED,193,2024-03-05T12:07:40
156,saddik_tahiri_156,saddik.tahiri156@gmail.com,$2a$10$e8M1.A2m.0hZ4pS2gXv2d.7O3m5L.q2s9sXyZ.aK9x.1e8Z,STAFF,DISABLED,504,2024-06-01T10:03:34
157,amine_berrada_157,amine.berrada157@gmail.com,$2a$10$e8M1.A2m.0hZ4pS2gXv2d.7O3m5L.q2s9sXyZ.aK9x.1e8Z,PHARMACIST,DISABLED,276,2024-12-15T19:00:14
158,omar_berrada_158,omar.berrada158@gmail.com,$2a$10$e8M1.A2m.0hZ4pS2gXv2d.7O3m5L.q2s9sXyZ.aK9x.1e8Z,PHARMACIST,SUSPENDED,223,2025-07-10T20:51:31
159,meryem_skalli_159,meryem.skalli159@gmail.com,$2a$10$e8M1.A2m.0hZ4pS2gXv2d.7O3m5L.q2s9sXyZ.aK9x.1e8Z,PHARMACIST,DISABLED,83,2024-01-09T20:25:04
160,houda_skalli_160,houda.skalli160@gmail.com,$2a$10$e8M1.A2m.0hZ4pS2gXv2d.7O3m5L.q2s9sXyZ.aK9x.1e8Z,OWNER,PENDING,257,2025-01-04T20:45:15
161,othmane_kabbaj_161,othmane.kabbaj161@gmail.com,$2a$10$e8M1.A2m.0hZ4pS2gXv2d.7O3m5L.q2s9sXyZ.aK9x.1e8Z,STAFF,PENDING,35,2024-08-24T20:06:33
162,mehdi_skalli_162,mehdi.skalli162@gmail.com,$2a$10$e8M1.A2m.0hZ4pS2gXv2d.7O3m5L.q2s9sXyZ.aK9x.1e8Z,STAFF,DISABLED,331,2024-11-24T08:47:59
163,houda_daoudi_163,houda.daoudi163@gmail.com,$2a$10$e8M1.A2m.0hZ4pS2gXv2d.7O3m5L.q2s9sXyZ.aK9x.1e8Z,PHARMACIST,DISABLED,493,2026-05-07T13:56:03
164,mehdi_benjelloun_164,mehdi.benjelloun164@gmail.com,$2a$10$e8M1.A2m.0hZ4pS2gXv2d.7O3m5L.q2s9sXyZ.aK9x.1e8Z,OWNER,SUSPENDED,333,2024-03-26T12:37:07
165,othmane_kabbaj_165,othmane.kabbaj165@gmail.com,$2a$10$e8M1.A2m.0hZ4pS2gXv2d.7O3m5L.q2s9sXyZ.aK9x.1e8Z,OWNER,ACTIVE,44,2026-12-16T19:38:09
166,meryem_kabbaj_166,meryem.kabbaj166@gmail.com,$2a$10$e8M1.A2m.0hZ4pS2gXv2d.7O3m5L.q2s9sXyZ.aK9x.1e8Z,PHARMACIST,PENDING,162,2025-02-22T17:21:59
167,youssef_el amrani_167,youssef.el amrani167@gmail.com,$2a$10$e8M1.A2m.0hZ4pS2gXv2d.7O3m5L.q2s9sXyZ.aK9x.1e8Z,ADMIN,PENDING,550,2024-03-16T11:20:35
168,meryem_kabbaj_168,meryem.kabbaj168@gmail.com,$2a$10$e8M1.A2m.0hZ4pS2gXv2d.7O3m5L.q2s9sXyZ.aK9x.1e8Z,STAFF,PENDING,22,2026-07-12T19:08:16
169,youssef_skalli_169,youssef.skalli169@gmail.com,$2a$10$e8M1.A2m.0hZ4pS2gXv2d.7O3m5L.q2s9sXyZ.aK9x.1e8Z,STAFF,DISABLED,502,2024-10-06T16:22:20
170,saddik_chraibi_170,saddik.chraibi170@gmail.com,$2a$10$e8M1.A2m.0hZ4pS2gXv2d.7O3m5L.q2s9sXyZ.aK9x.1e8Z,OWNER,ACTIVE,544,2024-08-10T12:34:23
171,saddik_el amrani_171,saddik.el amrani171@gmail.com,$2a$10$e8M1.A2m.0hZ4pS2gXv2d.7O3m5L.q2s9sXyZ.aK9x.1e8Z,STAFF,PENDING,20,2026-06-25T17:15:20
172,omar_naciri_172,omar.naciri172@gmail.com,$2a$10$e8M1.A2m.0hZ4pS2gXv2d.7O3m5L.q2s9sXyZ.aK9x.1e8Z,STAFF,PENDING,537,2026-08-25T16:09:39
173,zineb_el idrissi_173,zineb.el idrissi173@gmail.com,$2a$10$e8M1.A2m.0hZ4pS2gXv2d.7O3m5L.q2s9sXyZ.aK9x.1e8Z,STAFF,DISABLED,114,2024-09-22T09:02:53
174,fatima_berrada_174,fatima.berrada174@gmail.com,$2a$10$e8M1.A2m.0hZ4pS2gXv2d.7O3m5L.q2s9sXyZ.aK9x.1e8Z,PHARMACIST,PENDING,110,2025-04-04T08:36:41
175,othmane_naciri_175,othmane.naciri175@gmail.com,$2a$10$e8M1.A2m.0hZ4pS2gXv2d.7O3m5L.q2s9sXyZ.aK9x.1e8Z,STAFF,DISABLED,51,2025-04-20T19:04:00
176,mehdi_naciri_176,mehdi.naciri176@gmail.com,$2a$10$e8M1.A2m.0hZ4pS2gXv2d.7O3m5L.q2s9sXyZ.aK9x.1e8Z,STAFF,ACTIVE,480,2026-01-12T16:47:56
177,nadia_bennani_177,nadia.bennani177@gmail.com,$2a$10$e8M1.A2m.0hZ4pS2gXv2d.7O3m5L.q2s9sXyZ.aK9x.1e8Z,ADMIN,ACTIVE,273,2026-01-24T09:53:19
178,omar_alaoui_178,omar.alaoui178@gmail.com,$2a$10$e8M1.A2m.0hZ4pS2gXv2d.7O3m5L.q2s9sXyZ.aK9x.1e8Z,PHARMACIST,ACTIVE,237,2026-07-07T11:33:42
179,hassan_tahiri_179,hassan.tahiri179@gmail.com,$2a$10$e8M1.A2m.0hZ4pS2gXv2d.7O3m5L.q2s9sXyZ.aK9x.1e8Z,OWNER,SUSPENDED,109,2026-10-12T18:29:44
180,nadia_benjelloun_180,nadia.benjelloun180@gmail.com,$2a$10$e8M1.A2m.0hZ4pS2gXv2d.7O3m5L.q2s9sXyZ.aK9x.1e8Z,OWNER,PENDING,412,2026-06-22T10:34:38
181,saddik_el idrissi_181,saddik.el idrissi181@gmail.com,$2a$10$e8M1.A2m.0hZ4pS2gXv2d.7O3m5L.q2s9sXyZ.aK9x.1e8Z,ADMIN,DISABLED,381,2025-11-14T19:20:38
182,hassan_tahiri_182,hassan.tahiri182@gmail.com,$2a$10$e8M1.A2m.0hZ4pS2gXv2d.7O3m5L.q2s9sXyZ.aK9x.1e8Z,OWNER,SUSPENDED,261,2025-08-15T14:00:46
183,youssef_chraibi_183,youssef.chraibi183@gmail.com,$2a$10$e8M1.A2m.0hZ4pS2gXv2d.7O3m5L.q2s9sXyZ.aK9x.1e8Z,PHARMACIST,PENDING,310,2024-05-08T11:54:20
184,amine_kabbaj_184,amine.kabbaj184@gmail.com,$2a$10$e8M1.A2m.0hZ4pS2gXv2d.7O3m5L.q2s9sXyZ.aK9x.1e8Z,ADMIN,PENDING,97,2024-08-12T10:08:16
185,meryem_tahiri_185,meryem.tahiri185@gmail.com,$2a$10$e8M1.A2m.0hZ4pS2gXv2d.7O3m5L.q2s9sXyZ.aK9x.1e8Z,OWNER,PENDING,263,2025-02-19T14:36:58
186,mehdi_mansouri_186,mehdi.mansouri186@gmail.com,$2a$10$e8M1.A2m.0hZ4pS2gXv2d.7O3m5L.q2s9sXyZ.aK9x.1e8Z,PHARMACIST,DISABLED,495,2024-08-27T19:44:36
187,khadija_tahiri_187,khadija.tahiri187@gmail.com,$2a$10$e8M1.A2m.0hZ4pS2gXv2d.7O3m5L.q2s9sXyZ.aK9x.1e8Z,ADMIN,ACTIVE,391,2024-01-25T13:22:56
188,nadia_tazi_188,nadia.tazi188@gmail.com,$2a$10$e8M1.A2m.0hZ4pS2gXv2d.7O3m5L.q2s9sXyZ.aK9x.1e8Z,PHARMACIST,PENDING,12,2026-11-13T08:19:33
189,youssef_el idrissi_189,youssef.el idrissi189@gmail.com,$2a$10$e8M1.A2m.0hZ4pS2gXv2d.7O3m5L.q2s9sXyZ.aK9x.1e8Z,OWNER,DISABLED,515,2026-04-05T08:43:46
190,othmane_skalli_190,othmane.skalli190@gmail.com,$2a$10$e8M1.A2m.0hZ4pS2gXv2d.7O3m5L.q2s9sXyZ.aK9x.1e8Z,PHARMACIST,PENDING,443,2025-07-05T10:21:05
191,ilham_tahiri_191,ilham.tahiri191@gmail.com,$2a$10$e8M1.A2m.0hZ4pS2gXv2d.7O3m5L.q2s9sXyZ.aK9x.1e8Z,PHARMACIST,SUSPENDED,269,2024-07-17T14:49:44
192,fatima_kabbaj_192,fatima.kabbaj192@gmail.com,$2a$10$e8M1.A2m.0hZ4pS2gXv2d.7O3m5L.q2s9sXyZ.aK9x.1e8Z,OWNER,SUSPENDED,203,2025-07-21T17:12:35
193,reda_alaoui_193,reda.alaoui193@gmail.com,$2a$10$e8M1.A2m.0hZ4pS2gXv2d.7O3m5L.q2s9sXyZ.aK9x.1e8Z,OWNER,ACTIVE,273,2025-06-22T17:05:07
194,nadia_tazi_194,nadia.tazi194@gmail.com,$2a$10$e8M1.A2m.0hZ4pS2gXv2d.7O3m5L.q2s9sXyZ.aK9x.1e8Z,ADMIN,DISABLED,196,2025-06-20T18:01:49
195,zineb_berrada_195,zineb.berrada195@gmail.com,$2a$10$e8M1.A2m.0hZ4pS2gXv2d.7O3m5L.q2s9sXyZ.aK9x.1e8Z,ADMIN,SUSPENDED,150,2025-01-27T11:12:43
196,meryem_berrada_196,meryem.berrada196@gmail.com,$2a$10$e8M1.A2m.0hZ4pS2gXv2d.7O3m5L.q2s9sXyZ.aK9x.1e8Z,PHARMACIST,ACTIVE,56,2024-10-05T12:00:21
197,khadija_chraibi_197,khadija.chraibi197@gmail.com,$2a$10$e8M1.A2m.0hZ4pS2gXv2d.7O3m5L.q2s9sXyZ.aK9x.1e8Z,STAFF,SUSPENDED,24,2025-04-24T16:13:13
198,houda_daoudi_198,houda.daoudi198@gmail.com,$2a$10$e8M1.A2m.0hZ4pS2gXv2d.7O3m5L.q2s9sXyZ.aK9x.1e8Z,ADMIN,SUSPENDED,145,2026-12-22T08:24:37
199,reda_el amrani_199,reda.el amrani199@gmail.com,$2a$10$e8M1.A2m.0hZ4pS2gXv2d.7O3m5L.q2s9sXyZ.aK9x.1e8Z,ADMIN,PENDING,62,2025-04-26T19:39:17
200,youssef_skalli_200,youssef.skalli200@gmail.com,$2a$10$e8M1.A2m.0hZ4pS2gXv2d.7O3m5L.q2s9sXyZ.aK9x.1e8Z,PHARMACIST,ACTIVE,398,2026-05-22T18:23:55
201,khadija_el amrani_201,khadija.el amrani201@gmail.com,$2a$10$e8M1.A2m.0hZ4pS2gXv2d.7O3m5L.q2s9sXyZ.aK9x.1e8Z,ADMIN,SUSPENDED,237,2025-09-23T09:57:20
202,ilham_bennani_202,ilham.bennani202@gmail.com,$2a$10$e8M1.A2m.0hZ4pS2gXv2d.7O3m5L.q2s9sXyZ.aK9x.1e8Z,PHARMACIST,PENDING,204,2026-08-18T19:01:02
203,hassan_daoudi_203,hassan.daoudi203@gmail.com,$2a$10$e8M1.A2m.0hZ4pS2gXv2d.7O3m5L.q2s9sXyZ.aK9x.1e8Z,ADMIN,DISABLED,502,2025-12-06T08:22:43
204,meryem_el idrissi_204,meryem.el idrissi204@gmail.com,$2a$10$e8M1.A2m.0hZ4pS2gXv2d.7O3m5L.q2s9sXyZ.aK9x.1e8Z,ADMIN,PENDING,514,2025-01-21T12:56:24
205,amine_daoudi_205,amine.daoudi205@gmail.com,$2a$10$e8M1.A2m.0hZ4pS2gXv2d.7O3m5L.q2s9sXyZ.aK9x.1e8Z,ADMIN,PENDING,156,2025-07-22T10:05:46
206,othmane_daoudi_206,othmane.daoudi206@gmail.com,$2a$10$e8M1.A2m.0hZ4pS2gXv2d.7O3m5L.q2s9sXyZ.aK9x.1e8Z,OWNER,SUSPENDED,247,2026-03-14T12:58:38
207,soufiane_skalli_207,soufiane.skalli207@gmail.com,$2a$10$e8M1.A2m.0hZ4pS2gXv2d.7O3m5L.q2s9sXyZ.aK9x.1e8Z,OWNER,PENDING,142,2026-09-22T20:12:55
208,fatima_chraibi_208,fatima.chraibi208@gmail.com,$2a$10$e8M1.A2m.0hZ4pS2gXv2d.7O3m5L.q2s9sXyZ.aK9x.1e8Z,OWNER,SUSPENDED,149,2026-10-06T13:04:35
209,houda_mansouri_209,houda.mansouri209@gmail.com,$2a$10$e8M1.A2m.0hZ4pS2gXv2d.7O3m5L.q2s9sXyZ.aK9x.1e8Z,PHARMACIST,PENDING,326,2024-12-01T20:20:56
210,nadia_tazi_210,nadia.tazi210@gmail.com,$2a$10$e8M1.A2m.0hZ4pS2gXv2d.7O3m5L.q2s9sXyZ.aK9x.1e8Z,ADMIN,SUSPENDED,281,2024-04-04T10:11:01
211,karim_tahiri_211,karim.tahiri211@gmail.com,$2a$10$e8M1.A2m.0hZ4pS2gXv2d.7O3m5L.q2s9sXyZ.aK9x.1e8Z,OWNER,PENDING,237,2026-01-12T09:44:49
212,ilham_berrada_212,ilham.berrada212@gmail.com,$2a$10$e8M1.A2m.0hZ4pS2gXv2d.7O3m5L.q2s9sXyZ.aK9x.1e8Z,STAFF,DISABLED,189,2025-08-16T10:10:12
213,hassan_el amrani_213,hassan.el amrani213@gmail.com,$2a$10$e8M1.A2m.0hZ4pS2gXv2d.7O3m5L.q2s9sXyZ.aK9x.1e8Z,STAFF,ACTIVE,277,2025-04-24T18:12:48
214,mehdi_benjelloun_214,mehdi.benjelloun214@gmail.com,$2a$10$e8M1.A2m.0hZ4pS2gXv2d.7O3m5L.q2s9sXyZ.aK9x.1e8Z,OWNER,SUSPENDED,502,2026-06-28T15:56:15
215,nadia_tazi_215,nadia.tazi215@gmail.com,$2a$10$e8M1.A2m.0hZ4pS2gXv2d.7O3m5L.q2s9sXyZ.aK9x.1e8Z,PHARMACIST,SUSPENDED,321,2025-10-24T17:38:34
216,reda_naciri_216,reda.naciri216@gmail.com,$2a$10$e8M1.A2m.0hZ4pS2gXv2d.7O3m5L.q2s9sXyZ.aK9x.1e8Z,PHARMACIST,ACTIVE,463,2025-01-08T16:34:25
217,youssef_daoudi_217,youssef.daoudi217@gmail.com,$2a$10$e8M1.A2m.0hZ4pS2gXv2d.7O3m5L.q2s9sXyZ.aK9x.1e8Z,STAFF,ACTIVE,195,2025-08-13T12:49:52
218,zineb_skalli_218,zineb.skalli218@gmail.com,$2a$10$e8M1.A2m.0hZ4pS2gXv2d.7O3m5L.q2s9sXyZ.aK9x.1e8Z,OWNER,SUSPENDED,302,2026-01-23T16:57:09
219,saddik_bennani_219,saddik.bennani219@gmail.com,$2a$10$e8M1.A2m.0hZ4pS2gXv2d.7O3m5L.q2s9sXyZ.aK9x.1e8Z,STAFF,ACTIVE,513,2024-03-25T17:57:44
220,houda_berrada_220,houda.berrada220@gmail.com,$2a$10$e8M1.A2m.0hZ4pS2gXv2d.7O3m5L.q2s9sXyZ.aK9x.1e8Z,STAFF,SUSPENDED,332,2025-01-06T15:37:57
221,mehdi_skalli_221,mehdi.skalli221@gmail.com,$2a$10$e8M1.A2m.0hZ4pS2gXv2d.7O3m5L.q2s9sXyZ.aK9x.1e8Z,PHARMACIST,DISABLED,332,2026-11-23T20:10:45
222,khadija_benjelloun_222,khadija.benjelloun222@gmail.com,$2a$10$e8M1.A2m.0hZ4pS2gXv2d.7O3m5L.q2s9sXyZ.aK9x.1e8Z,PHARMACIST,SUSPENDED,372,2024-09-23T14:46:50
223,reda_tahiri_223,reda.tahiri223@gmail.com,$2a$10$e8M1.A2m.0hZ4pS2gXv2d.7O3m5L.q2s9sXyZ.aK9x.1e8Z,OWNER,SUSPENDED,390,2024-03-11T17:55:42
224,fatima_berrada_224,fatima.berrada224@gmail.com,$2a$10$e8M1.A2m.0hZ4pS2gXv2d.7O3m5L.q2s9sXyZ.aK9x.1e8Z,OWNER,PENDING,53,2025-05-10T19:49:28
225,zineb_naciri_225,zineb.naciri225@gmail.com,$2a$10$e8M1.A2m.0hZ4pS2gXv2d.7O3m5L.q2s9sXyZ.aK9x.1e8Z,OWNER,ACTIVE,135,2024-01-20T20:16:00
226,saddik_skalli_226,saddik.skalli226@gmail.com,$2a$10$e8M1.A2m.0hZ4pS2gXv2d.7O3m5L.q2s9sXyZ.aK9x.1e8Z,STAFF,ACTIVE,506,2024-04-19T18:30:29
227,nadia_skalli_227,nadia.skalli227@gmail.com,$2a$10$e8M1.A2m.0hZ4pS2gXv2d.7O3m5L.q2s9sXyZ.aK9x.1e8Z,PHARMACIST,ACTIVE,251,2026-05-20T18:35:52
228,mehdi_el amrani_228,mehdi.el amrani228@gmail.com,$2a$10$e8M1.A2m.0hZ4pS2gXv2d.7O3m5L.q2s9sXyZ.aK9x.1e8Z,OWNER,PENDING,57,2026-06-02T10:54:02
229,zineb_el idrissi_229,zineb.el idrissi229@gmail.com,$2a$10$e8M1.A2m.0hZ4pS2gXv2d.7O3m5L.q2s9sXyZ.aK9x.1e8Z,PHARMACIST,ACTIVE,112,2025-03-06T18:18:39
230,houda_berrada_230,houda.berrada230@gmail.com,$2a$10$e8M1.A2m.0hZ4pS2gXv2d.7O3m5L.q2s9sXyZ.aK9x.1e8Z,STAFF,DISABLED,37,2024-05-11T13:57:24
231,omar_kabbaj_231,omar.kabbaj231@gmail.com,$2a$10$e8M1.A2m.0hZ4pS2gXv2d.7O3m5L.q2s9sXyZ.aK9x.1e8Z,STAFF,ACTIVE,300,2025-03-04T19:55:17
232,soufiane_daoudi_232,soufiane.daoudi232@gmail.com,$2a$10$e8M1.A2m.0hZ4pS2gXv2d.7O3m5L.q2s9sXyZ.aK9x.1e8Z,STAFF,PENDING,215,2026-01-04T17:46:40
233,reda_benjelloun_233,reda.benjelloun233@gmail.com,$2a$10$e8M1.A2m.0hZ4pS2gXv2d.7O3m5L.q2s9sXyZ.aK9x.1e8Z,STAFF,DISABLED,438,2026-06-09T16:36:39
234,meryem_berrada_234,meryem.berrada234@gmail.com,$2a$10$e8M1.A2m.0hZ4pS2gXv2d.7O3m5L.q2s9sXyZ.aK9x.1e8Z,STAFF,SUSPENDED,505,2024-10-08T19:18:12
235,amine_benjelloun_235,amine.benjelloun235@gmail.com,$2a$10$e8M1.A2m.0hZ4pS2gXv2d.7O3m5L.q2s9sXyZ.aK9x.1e8Z,PHARMACIST,SUSPENDED,121,2026-04-26T17:26:26
236,youssef_el idrissi_236,youssef.el idrissi236@gmail.com,$2a$10$e8M1.A2m.0hZ4pS2gXv2d.7O3m5L.q2s9sXyZ.aK9x.1e8Z,ADMIN,PENDING,12,2026-04-23T12:16:50
237,omar_chraibi_237,omar.chraibi237@gmail.com,$2a$10$e8M1.A2m.0hZ4pS2gXv2d.7O3m5L.q2s9sXyZ.aK9x.1e8Z,ADMIN,DISABLED,7,2024-11-11T13:25:46
238,amine_bennani_238,amine.bennani238@gmail.com,$2a$10$e8M1.A2m.0hZ4pS2gXv2d.7O3m5L.q2s9sXyZ.aK9x.1e8Z,OWNER,PENDING,339,2025-11-16T15:51:02
239,fatima_skalli_239,fatima.skalli239@gmail.com,$2a$10$e8M1.A2m.0hZ4pS2gXv2d.7O3m5L.q2s9sXyZ.aK9x.1e8Z,OWNER,SUSPENDED,550,2025-08-26T14:59:47
240,youssef_bennani_240,youssef.bennani240@gmail.com,$2a$10$e8M1.A2m.0hZ4pS2gXv2d.7O3m5L.q2s9sXyZ.aK9x.1e8Z,ADMIN,DISABLED,549,2024-04-19T18:21:51
241,meryem_benjelloun_241,meryem.benjelloun241@gmail.com,$2a$10$e8M1.A2m.0hZ4pS2gXv2d.7O3m5L.q2s9sXyZ.aK9x.1e8Z,OWNER,DISABLED,32,2025-07-21T16:53:10
242,othmane_berrada_242,othmane.berrada242@gmail.com,$2a$10$e8M1.A2m.0hZ4pS2gXv2d.7O3m5L.q2s9sXyZ.aK9x.1e8Z,PHARMACIST,DISABLED,323,2026-01-09T14:05:31
243,hassan_el idrissi_243,hassan.el idrissi243@gmail.com,$2a$10$e8M1.A2m.0hZ4pS2gXv2d.7O3m5L.q2s9sXyZ.aK9x.1e8Z,STAFF,DISABLED,222,2026-05-06T09:23:50
244,youssef_kabbaj_244,youssef.kabbaj244@gmail.com,$2a$10$e8M1.A2m.0hZ4pS2gXv2d.7O3m5L.q2s9sXyZ.aK9x.1e8Z,OWNER,ACTIVE,455,2026-01-26T15:57:32
245,fatima_alaoui_245,fatima.alaoui245@gmail.com,$2a$10$e8M1.A2m.0hZ4pS2gXv2d.7O3m5L.q2s9sXyZ.aK9x.1e8Z,ADMIN,SUSPENDED,537,2025-06-05T20:55:06
246,reda_naciri_246,reda.naciri246@gmail.com,$2a$10$e8M1.A2m.0hZ4pS2gXv2d.7O3m5L.q2s9sXyZ.aK9x.1e8Z,OWNER,PENDING,38,2025-07-23T16:07:00
247,zineb_el amrani_247,zineb.el amrani247@gmail.com,$2a$10$e8M1.A2m.0hZ4pS2gXv2d.7O3m5L.q2s9sXyZ.aK9x.1e8Z,PHARMACIST,DISABLED,479,2024-02-17T20:42:47
248,zineb_el amrani_248,zineb.el amrani248@gmail.com,$2a$10$e8M1.A2m.0hZ4pS2gXv2d.7O3m5L.q2s9sXyZ.aK9x.1e8Z,ADMIN,PENDING,329,2024-04-10T12:34:20
249,saddik_naciri_249,saddik.naciri249@gmail.com,$2a$10$e8M1.A2m.0hZ4pS2gXv2d.7O3m5L.q2s9sXyZ.aK9x.1e8Z,PHARMACIST,DISABLED,153,2024-05-04T08:39:35
250,reda_benjelloun_250,reda.benjelloun250@gmail.com,$2a$10$e8M1.A2m.0hZ4pS2gXv2d.7O3m5L.q2s9sXyZ.aK9x.1e8Z,OWNER,DISABLED,327,2025-03-23T20:18:36
251,hassan_berrada_251,hassan.berrada251@gmail.com,$2a$10$e8M1.A2m.0hZ4pS2gXv2d.7O3m5L.q2s9sXyZ.aK9x.1e8Z,PHARMACIST,DISABLED,347,2026-08-02T10:01:30
252,youssef_benjelloun_252,youssef.benjelloun252@gmail.com,$2a$10$e8M1.A2m.0hZ4pS2gXv2d.7O3m5L.q2s9sXyZ.aK9x.1e8Z,STAFF,ACTIVE,89,2025-07-06T19:38:57
253,saddik_tahiri_253,saddik.tahiri253@gmail.com,$2a$10$e8M1.A2m.0hZ4pS2gXv2d.7O3m5L.q2s9sXyZ.aK9x.1e8Z,ADMIN,DISABLED,341,2024-12-25T18:51:34
254,omar_kabbaj_254,omar.kabbaj254@gmail.com,$2a$10$e8M1.A2m.0hZ4pS2gXv2d.7O3m5L.q2s9sXyZ.aK9x.1e8Z,STAFF,PENDING,96,2026-08-04T15:19:43
255,saddik_skalli_255,saddik.skalli255@gmail.com,$2a$10$e8M1.A2m.0hZ4pS2gXv2d.7O3m5L.q2s9sXyZ.aK9x.1e8Z,OWNER,PENDING,148,2026-05-12T14:11:44
256,soufiane_kabbaj_256,soufiane.kabbaj256@gmail.com,$2a$10$e8M1.A2m.0hZ4pS2gXv2d.7O3m5L.q2s9sXyZ.aK9x.1e8Z,ADMIN,SUSPENDED,500,2024-02-16T09:22:30
257,saddik_bennani_257,saddik.bennani257@gmail.com,$2a$10$e8M1.A2m.0hZ4pS2gXv2d.7O3m5L.q2s9sXyZ.aK9x.1e8Z,OWNER,DISABLED,357,2026-10-05T16:06:25
258,khadija_el idrissi_258,khadija.el idrissi258@gmail.com,$2a$10$e8M1.A2m.0hZ4pS2gXv2d.7O3m5L.q2s9sXyZ.aK9x.1e8Z,PHARMACIST,DISABLED,546,2025-07-19T14:15:39
259,hassan_daoudi_259,hassan.daoudi259@gmail.com,$2a$10$e8M1.A2m.0hZ4pS2gXv2d.7O3m5L.q2s9sXyZ.aK9x.1e8Z,OWNER,SUSPENDED,394,2024-06-07T19:37:27
260,nadia_tahiri_260,nadia.tahiri260@gmail.com,$2a$10$e8M1.A2m.0hZ4pS2gXv2d.7O3m5L.q2s9sXyZ.aK9x.1e8Z,ADMIN,PENDING,178,2026-11-03T19:59:45
261,ilham_benjelloun_261,ilham.benjelloun261@gmail.com,$2a$10$e8M1.A2m.0hZ4pS2gXv2d.7O3m5L.q2s9sXyZ.aK9x.1e8Z,STAFF,DISABLED,100,2025-03-10T14:04:38
262,khadija_naciri_262,khadija.naciri262@gmail.com,$2a$10$e8M1.A2m.0hZ4pS2gXv2d.7O3m5L.q2s9sXyZ.aK9x.1e8Z,STAFF,DISABLED,507,2026-11-02T09:13:52
263,fatima_tahiri_263,fatima.tahiri263@gmail.com,$2a$10$e8M1.A2m.0hZ4pS2gXv2d.7O3m5L.q2s9sXyZ.aK9x.1e8Z,PHARMACIST,PENDING,153,2025-09-10T14:39:36
264,saddik_alaoui_264,saddik.alaoui264@gmail.com,$2a$10$e8M1.A2m.0hZ4pS2gXv2d.7O3m5L.q2s9sXyZ.aK9x.1e8Z,OWNER,DISABLED,307,2026-11-10T14:45:58
265,meryem_benjelloun_265,meryem.benjelloun265@gmail.com,$2a$10$e8M1.A2m.0hZ4pS2gXv2d.7O3m5L.q2s9sXyZ.aK9x.1e8Z,PHARMACIST,SUSPENDED,131,2025-01-12T16:03:00
266,houda_bennani_266,houda.bennani266@gmail.com,$2a$10$e8M1.A2m.0hZ4pS2gXv2d.7O3m5L.q2s9sXyZ.aK9x.1e8Z,ADMIN,ACTIVE,289,2024-04-14T19:37:25
267,soufiane_mansouri_267,soufiane.mansouri267@gmail.com,$2a$10$e8M1.A2m.0hZ4pS2gXv2d.7O3m5L.q2s9sXyZ.aK9x.1e8Z,STAFF,SUSPENDED,391,2025-09-07T18:11:30
268,fatima_alaoui_268,fatima.alaoui268@gmail.com,$2a$10$e8M1.A2m.0hZ4pS2gXv2d.7O3m5L.q2s9sXyZ.aK9x.1e8Z,STAFF,DISABLED,428,2024-05-28T18:08:08
269,amine_benjelloun_269,amine.benjelloun269@gmail.com,$2a$10$e8M1.A2m.0hZ4pS2gXv2d.7O3m5L.q2s9sXyZ.aK9x.1e8Z,PHARMACIST,PENDING,499,2026-07-05T09:08:41
270,nadia_bennani_270,nadia.bennani270@gmail.com,$2a$10$e8M1.A2m.0hZ4pS2gXv2d.7O3m5L.q2s9sXyZ.aK9x.1e8Z,STAFF,SUSPENDED,185,2025-09-14T16:52:28
271,othmane_el idrissi_271,othmane.el idrissi271@gmail.com,$2a$10$e8M1.A2m.0hZ4pS2gXv2d.7O3m5L.q2s9sXyZ.aK9x.1e8Z,OWNER,PENDING,435,2026-01-19T15:54:46
272,hassan_mansouri_272,hassan.mansouri272@gmail.com,$2a$10$e8M1.A2m.0hZ4pS2gXv2d.7O3m5L.q2s9sXyZ.aK9x.1e8Z,ADMIN,SUSPENDED,376,2024-01-19T15:45:23
273,khadija_tahiri_273,khadija.tahiri273@gmail.com,$2a$10$e8M1.A2m.0hZ4pS2gXv2d.7O3m5L.q2s9sXyZ.aK9x.1e8Z,STAFF,ACTIVE,146,2026-12-17T20:49:17
274,saddik_daoudi_274,saddik.daoudi274@gmail.com,$2a$10$e8M1.A2m.0hZ4pS2gXv2d.7O3m5L.q2s9sXyZ.aK9x.1e8Z,PHARMACIST,ACTIVE,252,2025-11-24T18:42:04
275,houda_kabbaj_275,houda.kabbaj275@gmail.com,$2a$10$e8M1.A2m.0hZ4pS2gXv2d.7O3m5L.q2s9sXyZ.aK9x.1e8Z,ADMIN,ACTIVE,352,2026-01-16T15:32:57
276,ilham_tahiri_276,ilham.tahiri276@gmail.com,$2a$10$e8M1.A2m.0hZ4pS2gXv2d.7O3m5L.q2s9sXyZ.aK9x.1e8Z,ADMIN,SUSPENDED,362,2025-05-06T08:44:59
277,zineb_mansouri_277,zineb.mansouri277@gmail.com,$2a$10$e8M1.A2m.0hZ4pS2gXv2d.7O3m5L.q2s9sXyZ.aK9x.1e8Z,ADMIN,ACTIVE,485,2026-03-19T08:42:18
278,amine_chraibi_278,amine.chraibi278@gmail.com,$2a$10$e8M1.A2m.0hZ4pS2gXv2d.7O3m5L.q2s9sXyZ.aK9x.1e8Z,STAFF,ACTIVE,130,2026-02-28T20:17:16
279,fatima_tahiri_279,fatima.tahiri279@gmail.com,$2a$10$e8M1.A2m.0hZ4pS2gXv2d.7O3m5L.q2s9sXyZ.aK9x.1e8Z,ADMIN,DISABLED,264,2024-12-04T17:11:58
280,fatima_naciri_280,fatima.naciri280@gmail.com,$2a$10$e8M1.A2m.0hZ4pS2gXv2d.7O3m5L.q2s9sXyZ.aK9x.1e8Z,STAFF,DISABLED,180,2025-12-08T15:11:51
281,reda_bennani_281,reda.bennani281@gmail.com,$2a$10$e8M1.A2m.0hZ4pS2gXv2d.7O3m5L.q2s9sXyZ.aK9x.1e8Z,PHARMACIST,DISABLED,87,2024-10-27T10:53:31
282,nadia_kabbaj_282,nadia.kabbaj282@gmail.com,$2a$10$e8M1.A2m.0hZ4pS2gXv2d.7O3m5L.q2s9sXyZ.aK9x.1e8Z,STAFF,PENDING,451,2026-11-06T11:36:46
283,meryem_el amrani_283,meryem.el amrani283@gmail.com,$2a$10$e8M1.A2m.0hZ4pS2gXv2d.7O3m5L.q2s9sXyZ.aK9x.1e8Z,ADMIN,ACTIVE,54,2024-08-13T15:19:30
284,houda_alaoui_284,houda.alaoui284@gmail.com,$2a$10$e8M1.A2m.0hZ4pS2gXv2d.7O3m5L.q2s9sXyZ.aK9x.1e8Z,STAFF,SUSPENDED,486,2025-03-17T14:00:18
285,saddik_tazi_285,saddik.tazi285@gmail.com,$2a$10$e8M1.A2m.0hZ4pS2gXv2d.7O3m5L.q2s9sXyZ.aK9x.1e8Z,ADMIN,ACTIVE,100,2026-11-12T14:39:58
286,karim_el idrissi_286,karim.el idrissi286@gmail.com,$2a$10$e8M1.A2m.0hZ4pS2gXv2d.7O3m5L.q2s9sXyZ.aK9x.1e8Z,ADMIN,DISABLED,101,2025-11-19T14:29:49
287,hassan_mansouri_287,hassan.mansouri287@gmail.com,$2a$10$e8M1.A2m.0hZ4pS2gXv2d.7O3m5L.q2s9sXyZ.aK9x.1e8Z,OWNER,DISABLED,185,2025-09-01T18:00:53
288,omar_el amrani_288,omar.el amrani288@gmail.com,$2a$10$e8M1.A2m.0hZ4pS2gXv2d.7O3m5L.q2s9sXyZ.aK9x.1e8Z,STAFF,ACTIVE,538,2024-11-15T13:14:46
289,zineb_chraibi_289,zineb.chraibi289@gmail.com,$2a$10$e8M1.A2m.0hZ4pS2gXv2d.7O3m5L.q2s9sXyZ.aK9x.1e8Z,OWNER,ACTIVE,25,2026-02-02T17:42:57
290,mehdi_tahiri_290,mehdi.tahiri290@gmail.com,$2a$10$e8M1.A2m.0hZ4pS2gXv2d.7O3m5L.q2s9sXyZ.aK9x.1e8Z,PHARMACIST,ACTIVE,89,2026-03-13T18:48:57
291,siham_benjelloun_291,siham.benjelloun291@gmail.com,$2a$10$e8M1.A2m.0hZ4pS2gXv2d.7O3m5L.q2s9sXyZ.aK9x.1e8Z,OWNER,DISABLED,302,2025-11-03T18:29:59
292,karim_kabbaj_292,karim.kabbaj292@gmail.com,$2a$10$e8M1.A2m.0hZ4pS2gXv2d.7O3m5L.q2s9sXyZ.aK9x.1e8Z,STAFF,DISABLED,264,2024-02-09T20:03:24
293,othmane_el idrissi_293,othmane.el idrissi293@gmail.com,$2a$10$e8M1.A2m.0hZ4pS2gXv2d.7O3m5L.q2s9sXyZ.aK9x.1e8Z,PHARMACIST,DISABLED,272,2024-08-03T15:59:12
294,othmane_berrada_294,othmane.berrada294@gmail.com,$2a$10$e8M1.A2m.0hZ4pS2gXv2d.7O3m5L.q2s9sXyZ.aK9x.1e8Z,STAFF,ACTIVE,148,2026-07-07T17:41:06
295,saddik_mansouri_295,saddik.mansouri295@gmail.com,$2a$10$e8M1.A2m.0hZ4pS2gXv2d.7O3m5L.q2s9sXyZ.aK9x.1e8Z,ADMIN,ACTIVE,36,2024-02-19T19:16:49
296,saddik_el amrani_296,saddik.el amrani296@gmail.com,$2a$10$e8M1.A2m.0hZ4pS2gXv2d.7O3m5L.q2s9sXyZ.aK9x.1e8Z,STAFF,PENDING,1,2024-11-13T12:09:44
297,soufiane_tazi_297,soufiane.tazi297@gmail.com,$2a$10$e8M1.A2m.0hZ4pS2gXv2d.7O3m5L.q2s9sXyZ.aK9x.1e8Z,PHARMACIST,SUSPENDED,490,2025-07-28T19:49:51
298,omar_daoudi_298,omar.daoudi298@gmail.com,$2a$10$e8M1.A2m.0hZ4pS2gXv2d.7O3m5L.q2s9sXyZ.aK9x.1e8Z,OWNER,ACTIVE,394,2026-08-04T17:34:59
299,meryem_el idrissi_299,meryem.el idrissi299@gmail.com,$2a$10$e8M1.A2m.0hZ4pS2gXv2d.7O3m5L.q2s9sXyZ.aK9x.1e8Z,ADMIN,SUSPENDED,57,2026-11-03T13:34:54
300,soufiane_benjelloun_300,soufiane.benjelloun300@gmail.com,$2a$10$e8M1.A2m.0hZ4pS2gXv2d.7O3m5L.q2s9sXyZ.aK9x.1e8Z,STAFF,DISABLED,208,2024-09-02T14:42:12
301,zineb_mansouri_301,zineb.mansouri301@gmail.com,$2a$10$e8M1.A2m.0hZ4pS2gXv2d.7O3m5L.q2s9sXyZ.aK9x.1e8Z,STAFF,ACTIVE,368,2025-02-21T15:47:12
302,fatima_el amrani_302,fatima.el amrani302@gmail.com,$2a$10$e8M1.A2m.0hZ4pS2gXv2d.7O3m5L.q2s9sXyZ.aK9x.1e8Z,OWNER,ACTIVE,245,2025-07-03T20:34:41
303,zineb_skalli_303,zineb.skalli303@gmail.com,$2a$10$e8M1.A2m.0hZ4pS2gXv2d.7O3m5L.q2s9sXyZ.aK9x.1e8Z,STAFF,ACTIVE,38,2025-01-11T20:46:02
304,othmane_benjelloun_304,othmane.benjelloun304@gmail.com,$2a$10$e8M1.A2m.0hZ4pS2gXv2d.7O3m5L.q2s9sXyZ.aK9x.1e8Z,OWNER,SUSPENDED,550,2024-12-19T11:59:04
305,youssef_mansouri_305,youssef.mansouri305@gmail.com,$2a$10$e8M1.A2m.0hZ4pS2gXv2d.7O3m5L.q2s9sXyZ.aK9x.1e8Z,OWNER,SUSPENDED,20,2025-10-02T11:44:41
306,fatima_el amrani_306,fatima.el amrani306@gmail.com,$2a$10$e8M1.A2m.0hZ4pS2gXv2d.7O3m5L.q2s9sXyZ.aK9x.1e8Z,OWNER,ACTIVE,315,2024-08-20T10:53:37
307,omar_bennani_307,omar.bennani307@gmail.com,$2a$10$e8M1.A2m.0hZ4pS2gXv2d.7O3m5L.q2s9sXyZ.aK9x.1e8Z,PHARMACIST,ACTIVE,510,2026-10-08T09:51:12
308,nadia_el idrissi_308,nadia.el idrissi308@gmail.com,$2a$10$e8M1.A2m.0hZ4pS2gXv2d.7O3m5L.q2s9sXyZ.aK9x.1e8Z,STAFF,DISABLED,124,2026-10-18T10:20:53
309,mehdi_kabbaj_309,mehdi.kabbaj309@gmail.com,$2a$10$e8M1.A2m.0hZ4pS2gXv2d.7O3m5L.q2s9sXyZ.aK9x.1e8Z,PHARMACIST,PENDING,344,2024-02-09T10:48:26
310,siham_mansouri_310,siham.mansouri310@gmail.com,$2a$10$e8M1.A2m.0hZ4pS2gXv2d.7O3m5L.q2s9sXyZ.aK9x.1e8Z,ADMIN,PENDING,450,2024-10-02T10:06:50
311,othmane_kabbaj_311,othmane.kabbaj311@gmail.com,$2a$10$e8M1.A2m.0hZ4pS2gXv2d.7O3m5L.q2s9sXyZ.aK9x.1e8Z,OWNER,ACTIVE,499,2024-01-01T10:59:05
312,zineb_tazi_312,zineb.tazi312@gmail.com,$2a$10$e8M1.A2m.0hZ4pS2gXv2d.7O3m5L.q2s9sXyZ.aK9x.1e8Z,STAFF,PENDING,212,2024-11-09T16:28:26
313,hassan_berrada_313,hassan.berrada313@gmail.com,$2a$10$e8M1.A2m.0hZ4pS2gXv2d.7O3m5L.q2s9sXyZ.aK9x.1e8Z,PHARMACIST,PENDING,512,2026-02-21T20:19:22
314,nadia_el amrani_314,nadia.el amrani314@gmail.com,$2a$10$e8M1.A2m.0hZ4pS2gXv2d.7O3m5L.q2s9sXyZ.aK9x.1e8Z,OWNER,PENDING,121,2026-02-20T13:55:48
315,houda_daoudi_315,houda.daoudi315@gmail.com,$2a$10$e8M1.A2m.0hZ4pS2gXv2d.7O3m5L.q2s9sXyZ.aK9x.1e8Z,OWNER,SUSPENDED,214,2025-01-07T09:50:09
316,ilham_skalli_316,ilham.skalli316@gmail.com,$2a$10$e8M1.A2m.0hZ4pS2gXv2d.7O3m5L.q2s9sXyZ.aK9x.1e8Z,OWNER,PENDING,45,2024-11-12T12:13:27
317,karim_el idrissi_317,karim.el idrissi317@gmail.com,$2a$10$e8M1.A2m.0hZ4pS2gXv2d.7O3m5L.q2s9sXyZ.aK9x.1e8Z,STAFF,ACTIVE,107,2026-01-18T10:10:50
318,amine_skalli_318,amine.skalli318@gmail.com,$2a$10$e8M1.A2m.0hZ4pS2gXv2d.7O3m5L.q2s9sXyZ.aK9x.1e8Z,PHARMACIST,ACTIVE,241,2026-08-19T17:20:26
319,mehdi_mansouri_319,mehdi.mansouri319@gmail.com,$2a$10$e8M1.A2m.0hZ4pS2gXv2d.7O3m5L.q2s9sXyZ.aK9x.1e8Z,ADMIN,PENDING,113,2025-04-04T11:47:26
320,mehdi_tazi_320,mehdi.tazi320@gmail.com,$2a$10$e8M1.A2m.0hZ4pS2gXv2d.7O3m5L.q2s9sXyZ.aK9x.1e8Z,OWNER,ACTIVE,483,2026-08-02T14:09:13
321,saddik_berrada_321,saddik.berrada321@gmail.com,$2a$10$e8M1.A2m.0hZ4pS2gXv2d.7O3m5L.q2s9sXyZ.aK9x.1e8Z,STAFF,DISABLED,140,2025-12-07T18:22:17
322,mehdi_el idrissi_322,mehdi.el idrissi322@gmail.com,$2a$10$e8M1.A2m.0hZ4pS2gXv2d.7O3m5L.q2s9sXyZ.aK9x.1e8Z,OWNER,ACTIVE,62,2025-03-04T15:29:26
323,siham_kabbaj_323,siham.kabbaj323@gmail.com,$2a$10$e8M1.A2m.0hZ4pS2gXv2d.7O3m5L.q2s9sXyZ.aK9x.1e8Z,ADMIN,PENDING,303,2026-03-26T20:40:39
324,siham_tahiri_324,siham.tahiri324@gmail.com,$2a$10$e8M1.A2m.0hZ4pS2gXv2d.7O3m5L.q2s9sXyZ.aK9x.1e8Z,OWNER,ACTIVE,422,2026-08-28T11:37:30
325,saddik_chraibi_325,saddik.chraibi325@gmail.com,$2a$10$e8M1.A2m.0hZ4pS2gXv2d.7O3m5L.q2s9sXyZ.aK9x.1e8Z,PHARMACIST,SUSPENDED,253,2024-06-14T17:14:57
326,fatima_tahiri_326,fatima.tahiri326@gmail.com,$2a$10$e8M1.A2m.0hZ4pS2gXv2d.7O3m5L.q2s9sXyZ.aK9x.1e8Z,PHARMACIST,SUSPENDED,46,2024-08-24T20:32:02
327,nadia_daoudi_327,nadia.daoudi327@gmail.com,$2a$10$e8M1.A2m.0hZ4pS2gXv2d.7O3m5L.q2s9sXyZ.aK9x.1e8Z,STAFF,SUSPENDED,101,2025-08-08T09:35:48
328,amine_mansouri_328,amine.mansouri328@gmail.com,$2a$10$e8M1.A2m.0hZ4pS2gXv2d.7O3m5L.q2s9sXyZ.aK9x.1e8Z,STAFF,PENDING,136,2025-05-08T18:05:01
329,ilham_naciri_329,ilham.naciri329@gmail.com,$2a$10$e8M1.A2m.0hZ4pS2gXv2d.7O3m5L.q2s9sXyZ.aK9x.1e8Z,ADMIN,PENDING,471,2026-12-19T08:29:29
330,fatima_bennani_330,fatima.bennani330@gmail.com,$2a$10$e8M1.A2m.0hZ4pS2gXv2d.7O3m5L.q2s9sXyZ.aK9x.1e8Z,STAFF,PENDING,380,2026-08-23T18:00:55
331,omar_tazi_331,omar.tazi331@gmail.com,$2a$10$e8M1.A2m.0hZ4pS2gXv2d.7O3m5L.q2s9sXyZ.aK9x.1e8Z,ADMIN,ACTIVE,304,2025-05-23T17:34:36
332,mehdi_kabbaj_332,mehdi.kabbaj332@gmail.com,$2a$10$e8M1.A2m.0hZ4pS2gXv2d.7O3m5L.q2s9sXyZ.aK9x.1e8Z,PHARMACIST,DISABLED,57,2026-11-12T08:07:24
333,meryem_skalli_333,meryem.skalli333@gmail.com,$2a$10$e8M1.A2m.0hZ4pS2gXv2d.7O3m5L.q2s9sXyZ.aK9x.1e8Z,PHARMACIST,DISABLED,376,2024-11-18T19:04:35
334,mehdi_berrada_334,mehdi.berrada334@gmail.com,$2a$10$e8M1.A2m.0hZ4pS2gXv2d.7O3m5L.q2s9sXyZ.aK9x.1e8Z,ADMIN,PENDING,117,2026-08-24T20:37:55
335,mehdi_kabbaj_335,mehdi.kabbaj335@gmail.com,$2a$10$e8M1.A2m.0hZ4pS2gXv2d.7O3m5L.q2s9sXyZ.aK9x.1e8Z,OWNER,DISABLED,362,2025-09-22T14:17:03
336,omar_el idrissi_336,omar.el idrissi336@gmail.com,$2a$10$e8M1.A2m.0hZ4pS2gXv2d.7O3m5L.q2s9sXyZ.aK9x.1e8Z,ADMIN,SUSPENDED,498,2026-09-27T09:30:45
337,houda_naciri_337,houda.naciri337@gmail.com,$2a$10$e8M1.A2m.0hZ4pS2gXv2d.7O3m5L.q2s9sXyZ.aK9x.1e8Z,ADMIN,SUSPENDED,377,2026-12-26T09:12:57
338,saddik_benjelloun_338,saddik.benjelloun338@gmail.com,$2a$10$e8M1.A2m.0hZ4pS2gXv2d.7O3m5L.q2s9sXyZ.aK9x.1e8Z,PHARMACIST,SUSPENDED,184,2025-02-04T10:17:07
339,fatima_skalli_339,fatima.skalli339@gmail.com,$2a$10$e8M1.A2m.0hZ4pS2gXv2d.7O3m5L.q2s9sXyZ.aK9x.1e8Z,OWNER,PENDING,534,2026-01-10T14:43:34
340,fatima_skalli_340,fatima.skalli340@gmail.com,$2a$10$e8M1.A2m.0hZ4pS2gXv2d.7O3m5L.q2s9sXyZ.aK9x.1e8Z,ADMIN,SUSPENDED,455,2026-11-01T12:12:04
341,amine_bennani_341,amine.bennani341@gmail.com,$2a$10$e8M1.A2m.0hZ4pS2gXv2d.7O3m5L.q2s9sXyZ.aK9x.1e8Z,OWNER,DISABLED,422,2026-06-21T18:50:20
342,ilham_tahiri_342,ilham.tahiri342@gmail.com,$2a$10$e8M1.A2m.0hZ4pS2gXv2d.7O3m5L.q2s9sXyZ.aK9x.1e8Z,STAFF,SUSPENDED,312,2026-03-26T12:10:50
343,karim_alaoui_343,karim.alaoui343@gmail.com,$2a$10$e8M1.A2m.0hZ4pS2gXv2d.7O3m5L.q2s9sXyZ.aK9x.1e8Z,STAFF,DISABLED,296,2024-03-12T12:29:10
344,siham_mansouri_344,siham.mansouri344@gmail.com,$2a$10$e8M1.A2m.0hZ4pS2gXv2d.7O3m5L.q2s9sXyZ.aK9x.1e8Z,ADMIN,PENDING,180,2026-12-22T20:09:10
345,hassan_benjelloun_345,hassan.benjelloun345@gmail.com,$2a$10$e8M1.A2m.0hZ4pS2gXv2d.7O3m5L.q2s9sXyZ.aK9x.1e8Z,PHARMACIST,DISABLED,130,2025-05-12T10:13:35
346,youssef_naciri_346,youssef.naciri346@gmail.com,$2a$10$e8M1.A2m.0hZ4pS2gXv2d.7O3m5L.q2s9sXyZ.aK9x.1e8Z,ADMIN,DISABLED,152,2025-08-18T10:34:19
347,khadija_el amrani_347,khadija.el amrani347@gmail.com,$2a$10$e8M1.A2m.0hZ4pS2gXv2d.7O3m5L.q2s9sXyZ.aK9x.1e8Z,STAFF,SUSPENDED,149,2025-06-05T08:47:34
348,reda_el idrissi_348,reda.el idrissi348@gmail.com,$2a$10$e8M1.A2m.0hZ4pS2gXv2d.7O3m5L.q2s9sXyZ.aK9x.1e8Z,ADMIN,SUSPENDED,297,2026-11-05T20:36:46
349,saddik_el idrissi_349,saddik.el idrissi349@gmail.com,$2a$10$e8M1.A2m.0hZ4pS2gXv2d.7O3m5L.q2s9sXyZ.aK9x.1e8Z,PHARMACIST,SUSPENDED,42,2024-11-18T09:19:01
350,othmane_tahiri_350,othmane.tahiri350@gmail.com,$2a$10$e8M1.A2m.0hZ4pS2gXv2d.7O3m5L.q2s9sXyZ.aK9x.1e8Z,OWNER,SUSPENDED,366,2024-06-02T17:41:12
351,reda_alaoui_351,reda.alaoui351@gmail.com,$2a$10$e8M1.A2m.0hZ4pS2gXv2d.7O3m5L.q2s9sXyZ.aK9x.1e8Z,ADMIN,PENDING,24,2024-09-28T15:43:42
352,omar_daoudi_352,omar.daoudi352@gmail.com,$2a$10$e8M1.A2m.0hZ4pS2gXv2d.7O3m5L.q2s9sXyZ.aK9x.1e8Z,STAFF,PENDING,503,2025-10-20T16:03:58
353,meryem_tazi_353,meryem.tazi353@gmail.com,$2a$10$e8M1.A2m.0hZ4pS2gXv2d.7O3m5L.q2s9sXyZ.aK9x.1e8Z,OWNER,SUSPENDED,379,2025-06-01T12:22:22
354,zineb_skalli_354,zineb.skalli354@gmail.com,$2a$10$e8M1.A2m.0hZ4pS2gXv2d.7O3m5L.q2s9sXyZ.aK9x.1e8Z,PHARMACIST,PENDING,455,2026-07-26T15:18:10
355,nadia_mansouri_355,nadia.mansouri355@gmail.com,$2a$10$e8M1.A2m.0hZ4pS2gXv2d.7O3m5L.q2s9sXyZ.aK9x.1e8Z,STAFF,PENDING,89,2024-04-10T15:55:33
356,soufiane_benjelloun_356,soufiane.benjelloun356@gmail.com,$2a$10$e8M1.A2m.0hZ4pS2gXv2d.7O3m5L.q2s9sXyZ.aK9x.1e8Z,STAFF,ACTIVE,7,2025-11-09T14:11:35
357,saddik_mansouri_357,saddik.mansouri357@gmail.com,$2a$10$e8M1.A2m.0hZ4pS2gXv2d.7O3m5L.q2s9sXyZ.aK9x.1e8Z,OWNER,PENDING,191,2025-05-18T15:02:52
358,zineb_bennani_358,zineb.bennani358@gmail.com,$2a$10$e8M1.A2m.0hZ4pS2gXv2d.7O3m5L.q2s9sXyZ.aK9x.1e8Z,ADMIN,SUSPENDED,475,2024-01-26T08:09:16
359,zineb_naciri_359,zineb.naciri359@gmail.com,$2a$10$e8M1.A2m.0hZ4pS2gXv2d.7O3m5L.q2s9sXyZ.aK9x.1e8Z,STAFF,ACTIVE,295,2025-03-16T19:41:15
360,amine_benjelloun_360,amine.benjelloun360@gmail.com,$2a$10$e8M1.A2m.0hZ4pS2gXv2d.7O3m5L.q2s9sXyZ.aK9x.1e8Z,ADMIN,SUSPENDED,69,2026-12-12T17:30:36
361,nadia_bennani_361,nadia.bennani361@gmail.com,$2a$10$e8M1.A2m.0hZ4pS2gXv2d.7O3m5L.q2s9sXyZ.aK9x.1e8Z,ADMIN,SUSPENDED,123,2025-09-24T17:01:54
362,karim_berrada_362,karim.berrada362@gmail.com,$2a$10$e8M1.A2m.0hZ4pS2gXv2d.7O3m5L.q2s9sXyZ.aK9x.1e8Z,PHARMACIST,PENDING,328,2025-12-05T13:10:03
363,karim_el idrissi_363,karim.el idrissi363@gmail.com,$2a$10$e8M1.A2m.0hZ4pS2gXv2d.7O3m5L.q2s9sXyZ.aK9x.1e8Z,STAFF,DISABLED,50,2025-05-17T18:59:04
364,reda_alaoui_364,reda.alaoui364@gmail.com,$2a$10$e8M1.A2m.0hZ4pS2gXv2d.7O3m5L.q2s9sXyZ.aK9x.1e8Z,OWNER,ACTIVE,172,2026-06-28T13:52:54
365,zineb_chraibi_365,zineb.chraibi365@gmail.com,$2a$10$e8M1.A2m.0hZ4pS2gXv2d.7O3m5L.q2s9sXyZ.aK9x.1e8Z,ADMIN,ACTIVE,548,2026-06-27T10:00:08
366,reda_chraibi_366,reda.chraibi366@gmail.com,$2a$10$e8M1.A2m.0hZ4pS2gXv2d.7O3m5L.q2s9sXyZ.aK9x.1e8Z,ADMIN,SUSPENDED,422,2025-03-04T11:09:32
367,hassan_bennani_367,hassan.bennani367@gmail.com,$2a$10$e8M1.A2m.0hZ4pS2gXv2d.7O3m5L.q2s9sXyZ.aK9x.1e8Z,OWNER,ACTIVE,428,2025-02-04T10:59:01
368,ilham_el idrissi_368,ilham.el idrissi368@gmail.com,$2a$10$e8M1.A2m.0hZ4pS2gXv2d.7O3m5L.q2s9sXyZ.aK9x.1e8Z,ADMIN,DISABLED,143,2025-10-17T20:21:11
369,zineb_el amrani_369,zineb.el amrani369@gmail.com,$2a$10$e8M1.A2m.0hZ4pS2gXv2d.7O3m5L.q2s9sXyZ.aK9x.1e8Z,PHARMACIST,PENDING,132,2026-03-23T11:19:08
370,mehdi_berrada_370,mehdi.berrada370@gmail.com,$2a$10$e8M1.A2m.0hZ4pS2gXv2d.7O3m5L.q2s9sXyZ.aK9x.1e8Z,PHARMACIST,SUSPENDED,115,2024-01-25T15:48:27
371,youssef_alaoui_371,youssef.alaoui371@gmail.com,$2a$10$e8M1.A2m.0hZ4pS2gXv2d.7O3m5L.q2s9sXyZ.aK9x.1e8Z,PHARMACIST,ACTIVE,526,2026-01-16T09:58:16
372,youssef_benjelloun_372,youssef.benjelloun372@gmail.com,$2a$10$e8M1.A2m.0hZ4pS2gXv2d.7O3m5L.q2s9sXyZ.aK9x.1e8Z,ADMIN,ACTIVE,99,2024-10-07T17:57:12
373,siham_naciri_373,siham.naciri373@gmail.com,$2a$10$e8M1.A2m.0hZ4pS2gXv2d.7O3m5L.q2s9sXyZ.aK9x.1e8Z,ADMIN,ACTIVE,93,2024-12-09T17:22:22
374,siham_bennani_374,siham.bennani374@gmail.com,$2a$10$e8M1.A2m.0hZ4pS2gXv2d.7O3m5L.q2s9sXyZ.aK9x.1e8Z,OWNER,ACTIVE,102,2026-01-17T11:45:12
375,zineb_berrada_375,zineb.berrada375@gmail.com,$2a$10$e8M1.A2m.0hZ4pS2gXv2d.7O3m5L.q2s9sXyZ.aK9x.1e8Z,PHARMACIST,ACTIVE,220,2026-12-16T13:44:37
376,siham_skalli_376,siham.skalli376@gmail.com,$2a$10$e8M1.A2m.0hZ4pS2gXv2d.7O3m5L.q2s9sXyZ.aK9x.1e8Z,PHARMACIST,PENDING,364,2025-07-07T16:14:26
377,khadija_kabbaj_377,khadija.kabbaj377@gmail.com,$2a$10$e8M1.A2m.0hZ4pS2gXv2d.7O3m5L.q2s9sXyZ.aK9x.1e8Z,ADMIN,ACTIVE,478,2024-09-05T15:48:23
378,zineb_daoudi_378,zineb.daoudi378@gmail.com,$2a$10$e8M1.A2m.0hZ4pS2gXv2d.7O3m5L.q2s9sXyZ.aK9x.1e8Z,PHARMACIST,ACTIVE,336,2025-02-13T12:29:38
379,zineb_naciri_379,zineb.naciri379@gmail.com,$2a$10$e8M1.A2m.0hZ4pS2gXv2d.7O3m5L.q2s9sXyZ.aK9x.1e8Z,STAFF,PENDING,418,2025-07-07T09:57:53
380,ilham_naciri_380,ilham.naciri380@gmail.com,$2a$10$e8M1.A2m.0hZ4pS2gXv2d.7O3m5L.q2s9sXyZ.aK9x.1e8Z,ADMIN,PENDING,14,2026-08-22T09:25:28
381,reda_naciri_381,reda.naciri381@gmail.com,$2a$10$e8M1.A2m.0hZ4pS2gXv2d.7O3m5L.q2s9sXyZ.aK9x.1e8Z,PHARMACIST,ACTIVE,147,2025-07-23T17:06:47
382,siham_benjelloun_382,siham.benjelloun382@gmail.com,$2a$10$e8M1.A2m.0hZ4pS2gXv2d.7O3m5L.q2s9sXyZ.aK9x.1e8Z,ADMIN,PENDING,347,2024-10-28T14:07:14
383,nadia_mansouri_383,nadia.mansouri383@gmail.com,$2a$10$e8M1.A2m.0hZ4pS2gXv2d.7O3m5L.q2s9sXyZ.aK9x.1e8Z,STAFF,DISABLED,280,2026-07-12T15:42:38
384,othmane_skalli_384,othmane.skalli384@gmail.com,$2a$10$e8M1.A2m.0hZ4pS2gXv2d.7O3m5L.q2s9sXyZ.aK9x.1e8Z,ADMIN,PENDING,466,2024-02-09T15:31:14
385,fatima_el amrani_385,fatima.el amrani385@gmail.com,$2a$10$e8M1.A2m.0hZ4pS2gXv2d.7O3m5L.q2s9sXyZ.aK9x.1e8Z,PHARMACIST,ACTIVE,70,2025-11-01T10:24:38
386,soufiane_berrada_386,soufiane.berrada386@gmail.com,$2a$10$e8M1.A2m.0hZ4pS2gXv2d.7O3m5L.q2s9sXyZ.aK9x.1e8Z,ADMIN,ACTIVE,79,2026-09-25T15:50:29
387,mehdi_chraibi_387,mehdi.chraibi387@gmail.com,$2a$10$e8M1.A2m.0hZ4pS2gXv2d.7O3m5L.q2s9sXyZ.aK9x.1e8Z,STAFF,SUSPENDED,517,2025-09-11T20:55:34
388,houda_el amrani_388,houda.el amrani388@gmail.com,$2a$10$e8M1.A2m.0hZ4pS2gXv2d.7O3m5L.q2s9sXyZ.aK9x.1e8Z,PHARMACIST,SUSPENDED,122,2025-08-11T14:28:29
389,youssef_el amrani_389,youssef.el amrani389@gmail.com,$2a$10$e8M1.A2m.0hZ4pS2gXv2d.7O3m5L.q2s9sXyZ.aK9x.1e8Z,OWNER,DISABLED,169,2025-07-05T12:45:24
390,ilham_kabbaj_390,ilham.kabbaj390@gmail.com,$2a$10$e8M1.A2m.0hZ4pS2gXv2d.7O3m5L.q2s9sXyZ.aK9x.1e8Z,PHARMACIST,SUSPENDED,482,2025-09-28T10:32:03
391,othmane_chraibi_391,othmane.chraibi391@gmail.com,$2a$10$e8M1.A2m.0hZ4pS2gXv2d.7O3m5L.q2s9sXyZ.aK9x.1e8Z,STAFF,SUSPENDED,362,2025-06-02T08:37:02
392,fatima_bennani_392,fatima.bennani392@gmail.com,$2a$10$e8M1.A2m.0hZ4pS2gXv2d.7O3m5L.q2s9sXyZ.aK9x.1e8Z,ADMIN,DISABLED,28,2026-06-13T09:27:22
393,meryem_tazi_393,meryem.tazi393@gmail.com,$2a$10$e8M1.A2m.0hZ4pS2gXv2d.7O3m5L.q2s9sXyZ.aK9x.1e8Z,ADMIN,ACTIVE,251,2024-04-21T12:37:05
394,omar_bennani_394,omar.bennani394@gmail.com,$2a$10$e8M1.A2m.0hZ4pS2gXv2d.7O3m5L.q2s9sXyZ.aK9x.1e8Z,ADMIN,ACTIVE,346,2024-01-18T13:02:29
395,nadia_tahiri_395,nadia.tahiri395@gmail.com,$2a$10$e8M1.A2m.0hZ4pS2gXv2d.7O3m5L.q2s9sXyZ.aK9x.1e8Z,STAFF,DISABLED,21,2026-08-19T08:20:24
396,othmane_el idrissi_396,othmane.el idrissi396@gmail.com,$2a$10$e8M1.A2m.0hZ4pS2gXv2d.7O3m5L.q2s9sXyZ.aK9x.1e8Z,PHARMACIST,SUSPENDED,103,2026-11-07T13:31:32
397,soufiane_berrada_397,soufiane.berrada397@gmail.com,$2a$10$e8M1.A2m.0hZ4pS2gXv2d.7O3m5L.q2s9sXyZ.aK9x.1e8Z,ADMIN,DISABLED,447,2024-08-21T20:04:53
398,houda_alaoui_398,houda.alaoui398@gmail.com,$2a$10$e8M1.A2m.0hZ4pS2gXv2d.7O3m5L.q2s9sXyZ.aK9x.1e8Z,ADMIN,DISABLED,49,2025-10-13T20:14:39
399,omar_mansouri_399,omar.mansouri399@gmail.com,$2a$10$e8M1.A2m.0hZ4pS2gXv2d.7O3m5L.q2s9sXyZ.aK9x.1e8Z,PHARMACIST,DISABLED,280,2024-10-26T16:30:27
400,mehdi_el idrissi_400,mehdi.el idrissi400@gmail.com,$2a$10$e8M1.A2m.0hZ4pS2gXv2d.7O3m5L.q2s9sXyZ.aK9x.1e8Z,PHARMACIST,DISABLED,517,2025-07-22T16:20:12
401,nadia_tazi_401,nadia.tazi401@gmail.com,$2a$10$e8M1.A2m.0hZ4pS2gXv2d.7O3m5L.q2s9sXyZ.aK9x.1e8Z,ADMIN,SUSPENDED,185,2024-11-23T16:55:11
402,ilham_alaoui_402,ilham.alaoui402@gmail.com,$2a$10$e8M1.A2m.0hZ4pS2gXv2d.7O3m5L.q2s9sXyZ.aK9x.1e8Z,STAFF,DISABLED,546,2026-07-19T19:40:03
403,reda_alaoui_403,reda.alaoui403@gmail.com,$2a$10$e8M1.A2m.0hZ4pS2gXv2d.7O3m5L.q2s9sXyZ.aK9x.1e8Z,ADMIN,SUSPENDED,152,2024-03-24T18:48:19
404,nadia_tazi_404,nadia.tazi404@gmail.com,$2a$10$e8M1.A2m.0hZ4pS2gXv2d.7O3m5L.q2s9sXyZ.aK9x.1e8Z,ADMIN,ACTIVE,209,2025-05-27T12:41:10
405,karim_naciri_405,karim.naciri405@gmail.com,$2a$10$e8M1.A2m.0hZ4pS2gXv2d.7O3m5L.q2s9sXyZ.aK9x.1e8Z,OWNER,SUSPENDED,245,2024-03-07T08:15:51
406,zineb_skalli_406,zineb.skalli406@gmail.com,$2a$10$e8M1.A2m.0hZ4pS2gXv2d.7O3m5L.q2s9sXyZ.aK9x.1e8Z,STAFF,SUSPENDED,433,2026-01-07T10:17:08
407,amine_chraibi_407,amine.chraibi407@gmail.com,$2a$10$e8M1.A2m.0hZ4pS2gXv2d.7O3m5L.q2s9sXyZ.aK9x.1e8Z,ADMIN,PENDING,44,2026-08-26T08:03:55
408,omar_el idrissi_408,omar.el idrissi408@gmail.com,$2a$10$e8M1.A2m.0hZ4pS2gXv2d.7O3m5L.q2s9sXyZ.aK9x.1e8Z,ADMIN,ACTIVE,417,2025-11-22T09:25:53
409,fatima_alaoui_409,fatima.alaoui409@gmail.com,$2a$10$e8M1.A2m.0hZ4pS2gXv2d.7O3m5L.q2s9sXyZ.aK9x.1e8Z,PHARMACIST,ACTIVE,535,2026-10-25T16:16:31
410,omar_alaoui_410,omar.alaoui410@gmail.com,$2a$10$e8M1.A2m.0hZ4pS2gXv2d.7O3m5L.q2s9sXyZ.aK9x.1e8Z,PHARMACIST,DISABLED,338,2026-12-13T20:47:47
411,hassan_tazi_411,hassan.tazi411@gmail.com,$2a$10$e8M1.A2m.0hZ4pS2gXv2d.7O3m5L.q2s9sXyZ.aK9x.1e8Z,OWNER,PENDING,110,2024-04-09T15:26:16
412,youssef_skalli_412,youssef.skalli412@gmail.com,$2a$10$e8M1.A2m.0hZ4pS2gXv2d.7O3m5L.q2s9sXyZ.aK9x.1e8Z,ADMIN,ACTIVE,325,2026-07-16T18:15:17
413,fatima_el idrissi_413,fatima.el idrissi413@gmail.com,$2a$10$e8M1.A2m.0hZ4pS2gXv2d.7O3m5L.q2s9sXyZ.aK9x.1e8Z,STAFF,DISABLED,316,2024-11-20T08:53:47
414,youssef_mansouri_414,youssef.mansouri414@gmail.com,$2a$10$e8M1.A2m.0hZ4pS2gXv2d.7O3m5L.q2s9sXyZ.aK9x.1e8Z,OWNER,DISABLED,394,2025-11-23T13:57:51
415,khadija_daoudi_415,khadija.daoudi415@gmail.com,$2a$10$e8M1.A2m.0hZ4pS2gXv2d.7O3m5L.q2s9sXyZ.aK9x.1e8Z,OWNER,SUSPENDED,398,2024-07-09T12:05:59
416,hassan_chraibi_416,hassan.chraibi416@gmail.com,$2a$10$e8M1.A2m.0hZ4pS2gXv2d.7O3m5L.q2s9sXyZ.aK9x.1e8Z,OWNER,PENDING,450,2026-06-26T20:41:26
417,youssef_chraibi_417,youssef.chraibi417@gmail.com,$2a$10$e8M1.A2m.0hZ4pS2gXv2d.7O3m5L.q2s9sXyZ.aK9x.1e8Z,PHARMACIST,SUSPENDED,483,2026-07-27T13:45:27
418,khadija_bennani_418,khadija.bennani418@gmail.com,$2a$10$e8M1.A2m.0hZ4pS2gXv2d.7O3m5L.q2s9sXyZ.aK9x.1e8Z,OWNER,DISABLED,519,2024-06-14T17:46:52
419,houda_mansouri_419,houda.mansouri419@gmail.com,$2a$10$e8M1.A2m.0hZ4pS2gXv2d.7O3m5L.q2s9sXyZ.aK9x.1e8Z,ADMIN,SUSPENDED,29,2024-11-21T10:40:28
420,fatima_el amrani_420,fatima.el amrani420@gmail.com,$2a$10$e8M1.A2m.0hZ4pS2gXv2d.7O3m5L.q2s9sXyZ.aK9x.1e8Z,STAFF,PENDING,313,2025-10-03T09:10:15
421,reda_mansouri_421,reda.mansouri421@gmail.com,$2a$10$e8M1.A2m.0hZ4pS2gXv2d.7O3m5L.q2s9sXyZ.aK9x.1e8Z,OWNER,SUSPENDED,328,2025-08-28T19:08:16
422,siham_naciri_422,siham.naciri422@gmail.com,$2a$10$e8M1.A2m.0hZ4pS2gXv2d.7O3m5L.q2s9sXyZ.aK9x.1e8Z,ADMIN,DISABLED,204,2024-07-12T10:25:56
423,othmane_bennani_423,othmane.bennani423@gmail.com,$2a$10$e8M1.A2m.0hZ4pS2gXv2d.7O3m5L.q2s9sXyZ.aK9x.1e8Z,OWNER,ACTIVE,24,2026-11-20T18:14:58
424,omar_skalli_424,omar.skalli424@gmail.com,$2a$10$e8M1.A2m.0hZ4pS2gXv2d.7O3m5L.q2s9sXyZ.aK9x.1e8Z,OWNER,DISABLED,173,2024-07-20T14:38:16
425,fatima_benjelloun_425,fatima.benjelloun425@gmail.com,$2a$10$e8M1.A2m.0hZ4pS2gXv2d.7O3m5L.q2s9sXyZ.aK9x.1e8Z,ADMIN,PENDING,121,2024-12-17T14:49:58
426,saddik_bennani_426,saddik.bennani426@gmail.com,$2a$10$e8M1.A2m.0hZ4pS2gXv2d.7O3m5L.q2s9sXyZ.aK9x.1e8Z,STAFF,ACTIVE,230,2026-04-07T20:17:18
427,ilham_tazi_427,ilham.tazi427@gmail.com,$2a$10$e8M1.A2m.0hZ4pS2gXv2d.7O3m5L.q2s9sXyZ.aK9x.1e8Z,OWNER,SUSPENDED,212,2026-04-27T12:46:43
428,mehdi_tazi_428,mehdi.tazi428@gmail.com,$2a$10$e8M1.A2m.0hZ4pS2gXv2d.7O3m5L.q2s9sXyZ.aK9x.1e8Z,OWNER,SUSPENDED,150,2024-05-09T11:39:28
429,hassan_el idrissi_429,hassan.el idrissi429@gmail.com,$2a$10$e8M1.A2m.0hZ4pS2gXv2d.7O3m5L.q2s9sXyZ.aK9x.1e8Z,STAFF,ACTIVE,11,2025-03-28T13:44:25
430,mehdi_mansouri_430,mehdi.mansouri430@gmail.com,$2a$10$e8M1.A2m.0hZ4pS2gXv2d.7O3m5L.q2s9sXyZ.aK9x.1e8Z,STAFF,SUSPENDED,263,2024-02-18T08:03:21
431,hassan_skalli_431,hassan.skalli431@gmail.com,$2a$10$e8M1.A2m.0hZ4pS2gXv2d.7O3m5L.q2s9sXyZ.aK9x.1e8Z,ADMIN,ACTIVE,6,2025-09-20T14:19:25
432,meryem_berrada_432,meryem.berrada432@gmail.com,$2a$10$e8M1.A2m.0hZ4pS2gXv2d.7O3m5L.q2s9sXyZ.aK9x.1e8Z,PHARMACIST,PENDING,267,2024-09-16T13:56:29
433,fatima_benjelloun_433,fatima.benjelloun433@gmail.com,$2a$10$e8M1.A2m.0hZ4pS2gXv2d.7O3m5L.q2s9sXyZ.aK9x.1e8Z,ADMIN,SUSPENDED,146,2025-02-11T08:08:31
434,karim_mansouri_434,karim.mansouri434@gmail.com,$2a$10$e8M1.A2m.0hZ4pS2gXv2d.7O3m5L.q2s9sXyZ.aK9x.1e8Z,ADMIN,SUSPENDED,290,2025-10-27T20:59:16
435,reda_el idrissi_435,reda.el idrissi435@gmail.com,$2a$10$e8M1.A2m.0hZ4pS2gXv2d.7O3m5L.q2s9sXyZ.aK9x.1e8Z,STAFF,PENDING,324,2026-08-25T10:35:54
436,saddik_el amrani_436,saddik.el amrani436@gmail.com,$2a$10$e8M1.A2m.0hZ4pS2gXv2d.7O3m5L.q2s9sXyZ.aK9x.1e8Z,OWNER,PENDING,56,2024-03-02T15:16:10
437,saddik_tazi_437,saddik.tazi437@gmail.com,$2a$10$e8M1.A2m.0hZ4pS2gXv2d.7O3m5L.q2s9sXyZ.aK9x.1e8Z,PHARMACIST,SUSPENDED,42,2025-06-23T16:31:29
438,ilham_benjelloun_438,ilham.benjelloun438@gmail.com,$2a$10$e8M1.A2m.0hZ4pS2gXv2d.7O3m5L.q2s9sXyZ.aK9x.1e8Z,OWNER,ACTIVE,358,2024-04-28T12:11:53
439,siham_mansouri_439,siham.mansouri439@gmail.com,$2a$10$e8M1.A2m.0hZ4pS2gXv2d.7O3m5L.q2s9sXyZ.aK9x.1e8Z,ADMIN,PENDING,5,2026-10-06T14:58:04
440,hassan_kabbaj_440,hassan.kabbaj440@gmail.com,$2a$10$e8M1.A2m.0hZ4pS2gXv2d.7O3m5L.q2s9sXyZ.aK9x.1e8Z,STAFF,ACTIVE,337,2024-05-22T18:07:25
441,meryem_tahiri_441,meryem.tahiri441@gmail.com,$2a$10$e8M1.A2m.0hZ4pS2gXv2d.7O3m5L.q2s9sXyZ.aK9x.1e8Z,PHARMACIST,DISABLED,158,2024-02-15T19:42:30
442,saddik_naciri_442,saddik.naciri442@gmail.com,$2a$10$e8M1.A2m.0hZ4pS2gXv2d.7O3m5L.q2s9sXyZ.aK9x.1e8Z,ADMIN,ACTIVE,338,2024-11-20T15:20:46
443,fatima_alaoui_443,fatima.alaoui443@gmail.com,$2a$10$e8M1.A2m.0hZ4pS2gXv2d.7O3m5L.q2s9sXyZ.aK9x.1e8Z,PHARMACIST,DISABLED,331,2024-12-03T16:38:24
444,omar_tazi_444,omar.tazi444@gmail.com,$2a$10$e8M1.A2m.0hZ4pS2gXv2d.7O3m5L.q2s9sXyZ.aK9x.1e8Z,ADMIN,PENDING,246,2025-02-01T11:10:24
445,othmane_chraibi_445,othmane.chraibi445@gmail.com,$2a$10$e8M1.A2m.0hZ4pS2gXv2d.7O3m5L.q2s9sXyZ.aK9x.1e8Z,OWNER,ACTIVE,306,2025-07-24T20:58:19
446,fatima_el idrissi_446,fatima.el idrissi446@gmail.com,$2a$10$e8M1.A2m.0hZ4pS2gXv2d.7O3m5L.q2s9sXyZ.aK9x.1e8Z,PHARMACIST,DISABLED,525,2024-08-15T14:30:17
447,nadia_benjelloun_447,nadia.benjelloun447@gmail.com,$2a$10$e8M1.A2m.0hZ4pS2gXv2d.7O3m5L.q2s9sXyZ.aK9x.1e8Z,STAFF,DISABLED,191,2025-11-14T09:02:32
448,soufiane_skalli_448,soufiane.skalli448@gmail.com,$2a$10$e8M1.A2m.0hZ4pS2gXv2d.7O3m5L.q2s9sXyZ.aK9x.1e8Z,OWNER,PENDING,508,2026-11-21T16:05:18
449,saddik_tazi_449,saddik.tazi449@gmail.com,$2a$10$e8M1.A2m.0hZ4pS2gXv2d.7O3m5L.q2s9sXyZ.aK9x.1e8Z,PHARMACIST,SUSPENDED,308,2024-03-22T12:53:15
450,reda_tazi_450,reda.tazi450@gmail.com,$2a$10$e8M1.A2m.0hZ4pS2gXv2d.7O3m5L.q2s9sXyZ.aK9x.1e8Z,ADMIN,ACTIVE,79,2024-09-04T16:27:26
451,khadija_skalli_451,khadija.skalli451@gmail.com,$2a$10$e8M1.A2m.0hZ4pS2gXv2d.7O3m5L.q2s9sXyZ.aK9x.1e8Z,ADMIN,DISABLED,261,2026-02-25T16:01:07
452,saddik_berrada_452,saddik.berrada452@gmail.com,$2a$10$e8M1.A2m.0hZ4pS2gXv2d.7O3m5L.q2s9sXyZ.aK9x.1e8Z,OWNER,SUSPENDED,47,2024-07-23T12:20:37
453,saddik_kabbaj_453,saddik.kabbaj453@gmail.com,$2a$10$e8M1.A2m.0hZ4pS2gXv2d.7O3m5L.q2s9sXyZ.aK9x.1e8Z,STAFF,DISABLED,350,2024-04-06T09:47:38
454,karim_bennani_454,karim.bennani454@gmail.com,$2a$10$e8M1.A2m.0hZ4pS2gXv2d.7O3m5L.q2s9sXyZ.aK9x.1e8Z,PHARMACIST,SUSPENDED,548,2024-01-13T09:00:10
455,ilham_skalli_455,ilham.skalli455@gmail.com,$2a$10$e8M1.A2m.0hZ4pS2gXv2d.7O3m5L.q2s9sXyZ.aK9x.1e8Z,STAFF,SUSPENDED,311,2026-10-12T19:43:44
456,othmane_kabbaj_456,othmane.kabbaj456@gmail.com,$2a$10$e8M1.A2m.0hZ4pS2gXv2d.7O3m5L.q2s9sXyZ.aK9x.1e8Z,ADMIN,ACTIVE,129,2024-01-07T09:52:01
457,mehdi_bennani_457,mehdi.bennani457@gmail.com,$2a$10$e8M1.A2m.0hZ4pS2gXv2d.7O3m5L.q2s9sXyZ.aK9x.1e8Z,PHARMACIST,PENDING,493,2026-03-21T11:27:53
458,houda_alaoui_458,houda.alaoui458@gmail.com,$2a$10$e8M1.A2m.0hZ4pS2gXv2d.7O3m5L.q2s9sXyZ.aK9x.1e8Z,PHARMACIST,DISABLED,475,2024-08-14T08:07:10
459,fatima_mansouri_459,fatima.mansouri459@gmail.com,$2a$10$e8M1.A2m.0hZ4pS2gXv2d.7O3m5L.q2s9sXyZ.aK9x.1e8Z,STAFF,SUSPENDED,483,2024-08-19T11:12:18
460,othmane_el amrani_460,othmane.el amrani460@gmail.com,$2a$10$e8M1.A2m.0hZ4pS2gXv2d.7O3m5L.q2s9sXyZ.aK9x.1e8Z,ADMIN,ACTIVE,106,2026-12-14T14:54:31
461,houda_chraibi_461,houda.chraibi461@gmail.com,$2a$10$e8M1.A2m.0hZ4pS2gXv2d.7O3m5L.q2s9sXyZ.aK9x.1e8Z,PHARMACIST,SUSPENDED,410,2025-09-19T19:39:59
462,ilham_alaoui_462,ilham.alaoui462@gmail.com,$2a$10$e8M1.A2m.0hZ4pS2gXv2d.7O3m5L.q2s9sXyZ.aK9x.1e8Z,PHARMACIST,ACTIVE,433,2026-06-18T09:17:57
463,nadia_skalli_463,nadia.skalli463@gmail.com,$2a$10$e8M1.A2m.0hZ4pS2gXv2d.7O3m5L.q2s9sXyZ.aK9x.1e8Z,PHARMACIST,SUSPENDED,356,2025-12-14T08:10:18
464,mehdi_skalli_464,mehdi.skalli464@gmail.com,$2a$10$e8M1.A2m.0hZ4pS2gXv2d.7O3m5L.q2s9sXyZ.aK9x.1e8Z,ADMIN,SUSPENDED,238,2026-04-19T18:21:58
465,saddik_berrada_465,saddik.berrada465@gmail.com,$2a$10$e8M1.A2m.0hZ4pS2gXv2d.7O3m5L.q2s9sXyZ.aK9x.1e8Z,ADMIN,SUSPENDED,427,2026-11-24T13:50:30
466,siham_tahiri_466,siham.tahiri466@gmail.com,$2a$10$e8M1.A2m.0hZ4pS2gXv2d.7O3m5L.q2s9sXyZ.aK9x.1e8Z,OWNER,DISABLED,89,2026-08-05T10:12:10
467,ilham_benjelloun_467,ilham.benjelloun467@gmail.com,$2a$10$e8M1.A2m.0hZ4pS2gXv2d.7O3m5L.q2s9sXyZ.aK9x.1e8Z,STAFF,SUSPENDED,311,2024-04-18T08:01:22
468,karim_el idrissi_468,karim.el idrissi468@gmail.com,$2a$10$e8M1.A2m.0hZ4pS2gXv2d.7O3m5L.q2s9sXyZ.aK9x.1e8Z,OWNER,PENDING,516,2024-02-11T14:07:39
469,hassan_benjelloun_469,hassan.benjelloun469@gmail.com,$2a$10$e8M1.A2m.0hZ4pS2gXv2d.7O3m5L.q2s9sXyZ.aK9x.1e8Z,OWNER,SUSPENDED,265,2025-06-25T08:49:56
470,houda_chraibi_470,houda.chraibi470@gmail.com,$2a$10$e8M1.A2m.0hZ4pS2gXv2d.7O3m5L.q2s9sXyZ.aK9x.1e8Z,OWNER,ACTIVE,52,2025-08-27T20:07:06
471,khadija_bennani_471,khadija.bennani471@gmail.com,$2a$10$e8M1.A2m.0hZ4pS2gXv2d.7O3m5L.q2s9sXyZ.aK9x.1e8Z,PHARMACIST,ACTIVE,172,2026-02-28T11:58:23
472,siham_mansouri_472,siham.mansouri472@gmail.com,$2a$10$e8M1.A2m.0hZ4pS2gXv2d.7O3m5L.q2s9sXyZ.aK9x.1e8Z,ADMIN,SUSPENDED,519,2025-12-28T09:09:41
473,meryem_el idrissi_473,meryem.el idrissi473@gmail.com,$2a$10$e8M1.A2m.0hZ4pS2gXv2d.7O3m5L.q2s9sXyZ.aK9x.1e8Z,OWNER,ACTIVE,207,2025-07-25T20:00:15
474,ilham_el idrissi_474,ilham.el idrissi474@gmail.com,$2a$10$e8M1.A2m.0hZ4pS2gXv2d.7O3m5L.q2s9sXyZ.aK9x.1e8Z,ADMIN,PENDING,88,2025-06-23T20:26:23
475,hassan_berrada_475,hassan.berrada475@gmail.com,$2a$10$e8M1.A2m.0hZ4pS2gXv2d.7O3m5L.q2s9sXyZ.aK9x.1e8Z,STAFF,PENDING,142,2025-07-14T15:54:33
476,meryem_el amrani_476,meryem.el amrani476@gmail.com,$2a$10$e8M1.A2m.0hZ4pS2gXv2d.7O3m5L.q2s9sXyZ.aK9x.1e8Z,STAFF,PENDING,11,2026-09-03T09:21:20
477,othmane_kabbaj_477,othmane.kabbaj477@gmail.com,$2a$10$e8M1.A2m.0hZ4pS2gXv2d.7O3m5L.q2s9sXyZ.aK9x.1e8Z,OWNER,SUSPENDED,63,2025-01-22T18:09:57
478,youssef_naciri_478,youssef.naciri478@gmail.com,$2a$10$e8M1.A2m.0hZ4pS2gXv2d.7O3m5L.q2s9sXyZ.aK9x.1e8Z,ADMIN,SUSPENDED,412,2026-12-18T12:46:47
479,soufiane_el idrissi_479,soufiane.el idrissi479@gmail.com,$2a$10$e8M1.A2m.0hZ4pS2gXv2d.7O3m5L.q2s9sXyZ.aK9x.1e8Z,PHARMACIST,DISABLED,541,2026-03-23T14:28:41
480,mehdi_daoudi_480,mehdi.daoudi480@gmail.com,$2a$10$e8M1.A2m.0hZ4pS2gXv2d.7O3m5L.q2s9sXyZ.aK9x.1e8Z,STAFF,DISABLED,415,2024-05-03T08:34:21
481,othmane_mansouri_481,othmane.mansouri481@gmail.com,$2a$10$e8M1.A2m.0hZ4pS2gXv2d.7O3m5L.q2s9sXyZ.aK9x.1e8Z,OWNER,DISABLED,219,2024-09-18T12:33:21
482,siham_el amrani_482,siham.el amrani482@gmail.com,$2a$10$e8M1.A2m.0hZ4pS2gXv2d.7O3m5L.q2s9sXyZ.aK9x.1e8Z,PHARMACIST,DISABLED,248,2025-12-14T16:07:46
483,youssef_bennani_483,youssef.bennani483@gmail.com,$2a$10$e8M1.A2m.0hZ4pS2gXv2d.7O3m5L.q2s9sXyZ.aK9x.1e8Z,ADMIN,DISABLED,520,2025-02-02T20:41:07
484,saddik_chraibi_484,saddik.chraibi484@gmail.com,$2a$10$e8M1.A2m.0hZ4pS2gXv2d.7O3m5L.q2s9sXyZ.aK9x.1e8Z,PHARMACIST,SUSPENDED,348,2024-12-19T17:45:57
485,houda_bennani_485,houda.bennani485@gmail.com,$2a$10$e8M1.A2m.0hZ4pS2gXv2d.7O3m5L.q2s9sXyZ.aK9x.1e8Z,OWNER,DISABLED,307,2025-11-26T19:36:43
486,fatima_mansouri_486,fatima.mansouri486@gmail.com,$2a$10$e8M1.A2m.0hZ4pS2gXv2d.7O3m5L.q2s9sXyZ.aK9x.1e8Z,STAFF,PENDING,108,2025-09-19T11:52:49
487,meryem_skalli_487,meryem.skalli487@gmail.com,$2a$10$e8M1.A2m.0hZ4pS2gXv2d.7O3m5L.q2s9sXyZ.aK9x.1e8Z,PHARMACIST,PENDING,436,2025-02-03T08:27:56
488,fatima_skalli_488,fatima.skalli488@gmail.com,$2a$10$e8M1.A2m.0hZ4pS2gXv2d.7O3m5L.q2s9sXyZ.aK9x.1e8Z,OWNER,SUSPENDED,80,2025-11-17T14:37:35
489,reda_kabbaj_489,reda.kabbaj489@gmail.com,$2a$10$e8M1.A2m.0hZ4pS2gXv2d.7O3m5L.q2s9sXyZ.aK9x.1e8Z,STAFF,DISABLED,511,2026-07-15T19:59:31
490,nadia_bennani_490,nadia.bennani490@gmail.com,$2a$10$e8M1.A2m.0hZ4pS2gXv2d.7O3m5L.q2s9sXyZ.aK9x.1e8Z,OWNER,PENDING,518,2024-08-23T15:08:45
491,reda_bennani_491,reda.bennani491@gmail.com,$2a$10$e8M1.A2m.0hZ4pS2gXv2d.7O3m5L.q2s9sXyZ.aK9x.1e8Z,PHARMACIST,PENDING,467,2025-01-24T10:35:23
492,khadija_tahiri_492,khadija.tahiri492@gmail.com,$2a$10$e8M1.A2m.0hZ4pS2gXv2d.7O3m5L.q2s9sXyZ.aK9x.1e8Z,STAFF,ACTIVE,124,2025-10-10T08:33:09
493,khadija_el idrissi_493,khadija.el idrissi493@gmail.com,$2a$10$e8M1.A2m.0hZ4pS2gXv2d.7O3m5L.q2s9sXyZ.aK9x.1e8Z,ADMIN,DISABLED,311,2025-08-01T20:09:09
494,nadia_el amrani_494,nadia.el amrani494@gmail.com,$2a$10$e8M1.A2m.0hZ4pS2gXv2d.7O3m5L.q2s9sXyZ.aK9x.1e8Z,ADMIN,DISABLED,221,2024-12-16T08:07:35
495,meryem_benjelloun_495,meryem.benjelloun495@gmail.com,$2a$10$e8M1.A2m.0hZ4pS2gXv2d.7O3m5L.q2s9sXyZ.aK9x.1e8Z,PHARMACIST,SUSPENDED,493,2026-05-19T15:57:21
496,othmane_skalli_496,othmane.skalli496@gmail.com,$2a$10$e8M1.A2m.0hZ4pS2gXv2d.7O3m5L.q2s9sXyZ.aK9x.1e8Z,OWNER,PENDING,517,2026-08-25T15:42:28
497,fatima_bennani_497,fatima.bennani497@gmail.com,$2a$10$e8M1.A2m.0hZ4pS2gXv2d.7O3m5L.q2s9sXyZ.aK9x.1e8Z,ADMIN,ACTIVE,420,2025-04-13T13:34:02
498,saddik_mansouri_498,saddik.mansouri498@gmail.com,$2a$10$e8M1.A2m.0hZ4pS2gXv2d.7O3m5L.q2s9sXyZ.aK9x.1e8Z,ADMIN,ACTIVE,170,2026-01-19T18:50:49
499,zineb_daoudi_499,zineb.daoudi499@gmail.com,$2a$10$e8M1.A2m.0hZ4pS2gXv2d.7O3m5L.q2s9sXyZ.aK9x.1e8Z,PHARMACIST,ACTIVE,198,2026-09-19T20:03:36
500,reda_alaoui_500,reda.alaoui500@gmail.com,$2a$10$e8M1.A2m.0hZ4pS2gXv2d.7O3m5L.q2s9sXyZ.aK9x.1e8Z,STAFF,ACTIVE,124,2026-09-06T08:17:50
501,mehdi_alaoui_501,mehdi.alaoui501@gmail.com,$2a$10$e8M1.A2m.0hZ4pS2gXv2d.7O3m5L.q2s9sXyZ.aK9x.1e8Z,STAFF,ACTIVE,547,2026-06-13T17:02:31
502,amine_el idrissi_502,amine.el idrissi502@gmail.com,$2a$10$e8M1.A2m.0hZ4pS2gXv2d.7O3m5L.q2s9sXyZ.aK9x.1e8Z,STAFF,PENDING,425,2024-09-11T14:16:05
503,khadija_benjelloun_503,khadija.benjelloun503@gmail.com,$2a$10$e8M1.A2m.0hZ4pS2gXv2d.7O3m5L.q2s9sXyZ.aK9x.1e8Z,OWNER,DISABLED,148,2024-05-25T09:09:19
504,nadia_naciri_504,nadia.naciri504@gmail.com,$2a$10$e8M1.A2m.0hZ4pS2gXv2d.7O3m5L.q2s9sXyZ.aK9x.1e8Z,OWNER,ACTIVE,334,2024-01-23T08:19:24
505,khadija_el idrissi_505,khadija.el idrissi505@gmail.com,$2a$10$e8M1.A2m.0hZ4pS2gXv2d.7O3m5L.q2s9sXyZ.aK9x.1e8Z,OWNER,SUSPENDED,332,2025-07-27T09:03:12
506,hassan_kabbaj_506,hassan.kabbaj506@gmail.com,$2a$10$e8M1.A2m.0hZ4pS2gXv2d.7O3m5L.q2s9sXyZ.aK9x.1e8Z,OWNER,SUSPENDED,521,2026-07-04T12:03:20
507,saddik_daoudi_507,saddik.daoudi507@gmail.com,$2a$10$e8M1.A2m.0hZ4pS2gXv2d.7O3m5L.q2s9sXyZ.aK9x.1e8Z,STAFF,ACTIVE,496,2024-07-21T11:58:56
508,amine_chraibi_508,amine.chraibi508@gmail.com,$2a$10$e8M1.A2m.0hZ4pS2gXv2d.7O3m5L.q2s9sXyZ.aK9x.1e8Z,PHARMACIST,PENDING,129,2025-10-14T15:05:54
509,reda_alaoui_509,reda.alaoui509@gmail.com,$2a$10$e8M1.A2m.0hZ4pS2gXv2d.7O3m5L.q2s9sXyZ.aK9x.1e8Z,OWNER,DISABLED,173,2024-09-14T16:28:02
510,amine_bennani_510,amine.bennani510@gmail.com,$2a$10$e8M1.A2m.0hZ4pS2gXv2d.7O3m5L.q2s9sXyZ.aK9x.1e8Z,STAFF,DISABLED,172,2024-01-16T12:38:16
511,othmane_el idrissi_511,othmane.el idrissi511@gmail.com,$2a$10$e8M1.A2m.0hZ4pS2gXv2d.7O3m5L.q2s9sXyZ.aK9x.1e8Z,OWNER,DISABLED,47,2024-12-18T17:04:19
512,omar_tazi_512,omar.tazi512@gmail.com,$2a$10$e8M1.A2m.0hZ4pS2gXv2d.7O3m5L.q2s9sXyZ.aK9x.1e8Z,PHARMACIST,PENDING,287,2025-04-20T16:51:20
513,soufiane_naciri_513,soufiane.naciri513@gmail.com,$2a$10$e8M1.A2m.0hZ4pS2gXv2d.7O3m5L.q2s9sXyZ.aK9x.1e8Z,ADMIN,SUSPENDED,280,2024-11-11T13:13:29
514,soufiane_el amrani_514,soufiane.el amrani514@gmail.com,$2a$10$e8M1.A2m.0hZ4pS2gXv2d.7O3m5L.q2s9sXyZ.aK9x.1e8Z,OWNER,ACTIVE,488,2024-01-22T10:26:35
515,ilham_kabbaj_515,ilham.kabbaj515@gmail.com,$2a$10$e8M1.A2m.0hZ4pS2gXv2d.7O3m5L.q2s9sXyZ.aK9x.1e8Z,STAFF,ACTIVE,80,2026-01-27T18:28:43
516,khadija_el idrissi_516,khadija.el idrissi516@gmail.com,$2a$10$e8M1.A2m.0hZ4pS2gXv2d.7O3m5L.q2s9sXyZ.aK9x.1e8Z,STAFF,DISABLED,397,2024-12-01T09:29:23
517,mehdi_skalli_517,mehdi.skalli517@gmail.com,$2a$10$e8M1.A2m.0hZ4pS2gXv2d.7O3m5L.q2s9sXyZ.aK9x.1e8Z,PHARMACIST,PENDING,21,2025-11-23T13:12:05
518,zineb_kabbaj_518,zineb.kabbaj518@gmail.com,$2a$10$e8M1.A2m.0hZ4pS2gXv2d.7O3m5L.q2s9sXyZ.aK9x.1e8Z,OWNER,PENDING,506,2025-01-09T15:57:45
519,mehdi_el amrani_519,mehdi.el amrani519@gmail.com,$2a$10$e8M1.A2m.0hZ4pS2gXv2d.7O3m5L.q2s9sXyZ.aK9x.1e8Z,OWNER,SUSPENDED,114,2025-10-17T15:10:35
520,mehdi_naciri_520,mehdi.naciri520@gmail.com,$2a$10$e8M1.A2m.0hZ4pS2gXv2d.7O3m5L.q2s9sXyZ.aK9x.1e8Z,OWNER,ACTIVE,132,2026-02-05T12:59:36
521,hassan_daoudi_521,hassan.daoudi521@gmail.com,$2a$10$e8M1.A2m.0hZ4pS2gXv2d.7O3m5L.q2s9sXyZ.aK9x.1e8Z,ADMIN,PENDING,24,2026-11-18T17:16:43
522,houda_skalli_522,houda.skalli522@gmail.com,$2a$10$e8M1.A2m.0hZ4pS2gXv2d.7O3m5L.q2s9sXyZ.aK9x.1e8Z,PHARMACIST,SUSPENDED,54,2025-07-28T14:17:07
523,reda_skalli_523,reda.skalli523@gmail.com,$2a$10$e8M1.A2m.0hZ4pS2gXv2d.7O3m5L.q2s9sXyZ.aK9x.1e8Z,STAFF,DISABLED,530,2024-12-08T08:17:58
524,nadia_daoudi_524,nadia.daoudi524@gmail.com,$2a$10$e8M1.A2m.0hZ4pS2gXv2d.7O3m5L.q2s9sXyZ.aK9x.1e8Z,STAFF,DISABLED,6,2025-04-11T09:56:36
525,amine_mansouri_525,amine.mansouri525@gmail.com,$2a$10$e8M1.A2m.0hZ4pS2gXv2d.7O3m5L.q2s9sXyZ.aK9x.1e8Z,OWNER,SUSPENDED,77,2024-04-06T13:19:04
526,khadija_el amrani_526,khadija.el amrani526@gmail.com,$2a$10$e8M1.A2m.0hZ4pS2gXv2d.7O3m5L.q2s9sXyZ.aK9x.1e8Z,STAFF,SUSPENDED,25,2026-11-11T12:15:06
527,ilham_alaoui_527,ilham.alaoui527@gmail.com,$2a$10$e8M1.A2m.0hZ4pS2gXv2d.7O3m5L.q2s9sXyZ.aK9x.1e8Z,ADMIN,ACTIVE,342,2026-04-03T20:38:39
528,saddik_kabbaj_528,saddik.kabbaj528@gmail.com,$2a$10$e8M1.A2m.0hZ4pS2gXv2d.7O3m5L.q2s9sXyZ.aK9x.1e8Z,PHARMACIST,SUSPENDED,128,2024-01-02T14:20:56
529,omar_kabbaj_529,omar.kabbaj529@gmail.com,$2a$10$e8M1.A2m.0hZ4pS2gXv2d.7O3m5L.q2s9sXyZ.aK9x.1e8Z,OWNER,ACTIVE,453,2024-05-20T18:27:04
530,khadija_naciri_530,khadija.naciri530@gmail.com,$2a$10$e8M1.A2m.0hZ4pS2gXv2d.7O3m5L.q2s9sXyZ.aK9x.1e8Z,PHARMACIST,ACTIVE,302,2025-07-04T17:48:26
531,hassan_bennani_531,hassan.bennani531@gmail.com,$2a$10$e8M1.A2m.0hZ4pS2gXv2d.7O3m5L.q2s9sXyZ.aK9x.1e8Z,PHARMACIST,SUSPENDED,394,2025-07-20T17:06:21
532,amine_skalli_532,amine.skalli532@gmail.com,$2a$10$e8M1.A2m.0hZ4pS2gXv2d.7O3m5L.q2s9sXyZ.aK9x.1e8Z,ADMIN,PENDING,111,2024-01-20T19:04:37
533,mehdi_tahiri_533,mehdi.tahiri533@gmail.com,$2a$10$e8M1.A2m.0hZ4pS2gXv2d.7O3m5L.q2s9sXyZ.aK9x.1e8Z,OWNER,DISABLED,364,2025-08-24T17:28:11
534,hassan_berrada_534,hassan.berrada534@gmail.com,$2a$10$e8M1.A2m.0hZ4pS2gXv2d.7O3m5L.q2s9sXyZ.aK9x.1e8Z,PHARMACIST,ACTIVE,131,2025-10-14T16:41:48
535,meryem_chraibi_535,meryem.chraibi535@gmail.com,$2a$10$e8M1.A2m.0hZ4pS2gXv2d.7O3m5L.q2s9sXyZ.aK9x.1e8Z,OWNER,PENDING,481,2025-10-11T12:23:00
536,reda_tahiri_536,reda.tahiri536@gmail.com,$2a$10$e8M1.A2m.0hZ4pS2gXv2d.7O3m5L.q2s9sXyZ.aK9x.1e8Z,OWNER,ACTIVE,244,2026-09-28T08:27:22
537,mehdi_alaoui_537,mehdi.alaoui537@gmail.com,$2a$10$e8M1.A2m.0hZ4pS2gXv2d.7O3m5L.q2s9sXyZ.aK9x.1e8Z,OWNER,ACTIVE,350,2024-11-16T19:44:29
538,soufiane_bennani_538,soufiane.bennani538@gmail.com,$2a$10$e8M1.A2m.0hZ4pS2gXv2d.7O3m5L.q2s9sXyZ.aK9x.1e8Z,ADMIN,DISABLED,429,2025-03-04T15:56:50
539,youssef_skalli_539,youssef.skalli539@gmail.com,$2a$10$e8M1.A2m.0hZ4pS2gXv2d.7O3m5L.q2s9sXyZ.aK9x.1e8Z,OWNER,ACTIVE,229,2026-04-15T17:13:15
540,ilham_mansouri_540,ilham.mansouri540@gmail.com,$2a$10$e8M1.A2m.0hZ4pS2gXv2d.7O3m5L.q2s9sXyZ.aK9x.1e8Z,ADMIN,SUSPENDED,211,2025-03-27T08:23:00
541,omar_el idrissi_541,omar.el idrissi541@gmail.com,$2a$10$e8M1.A2m.0hZ4pS2gXv2d.7O3m5L.q2s9sXyZ.aK9x.1e8Z,PHARMACIST,ACTIVE,146,2025-08-07T18:37:58
542,meryem_el amrani_542,meryem.el amrani542@gmail.com,$2a$10$e8M1.A2m.0hZ4pS2gXv2d.7O3m5L.q2s9sXyZ.aK9x.1e8Z,PHARMACIST,PENDING,203,2025-03-08T12:46:11
543,soufiane_bennani_543,soufiane.bennani543@gmail.com,$2a$10$e8M1.A2m.0hZ4pS2gXv2d.7O3m5L.q2s9sXyZ.aK9x.1e8Z,OWNER,PENDING,201,2024-03-27T12:58:06
544,amine_bennani_544,amine.bennani544@gmail.com,$2a$10$e8M1.A2m.0hZ4pS2gXv2d.7O3m5L.q2s9sXyZ.aK9x.1e8Z,OWNER,SUSPENDED,114,2025-04-10T15:15:23
545,meryem_naciri_545,meryem.naciri545@gmail.com,$2a$10$e8M1.A2m.0hZ4pS2gXv2d.7O3m5L.q2s9sXyZ.aK9x.1e8Z,OWNER,SUSPENDED,67,2024-03-05T20:12:12
546,houda_tazi_546,houda.tazi546@gmail.com,$2a$10$e8M1.A2m.0hZ4pS2gXv2d.7O3m5L.q2s9sXyZ.aK9x.1e8Z,ADMIN,DISABLED,440,2026-04-02T20:39:37
547,mehdi_bennani_547,mehdi.bennani547@gmail.com,$2a$10$e8M1.A2m.0hZ4pS2gXv2d.7O3m5L.q2s9sXyZ.aK9x.1e8Z,ADMIN,PENDING,336,2024-01-21T20:17:55
548,fatima_bennani_548,fatima.bennani548@gmail.com,$2a$10$e8M1.A2m.0hZ4pS2gXv2d.7O3m5L.q2s9sXyZ.aK9x.1e8Z,STAFF,PENDING,84,2025-11-20T09:10:32
549,othmane_kabbaj_549,othmane.kabbaj549@gmail.com,$2a$10$e8M1.A2m.0hZ4pS2gXv2d.7O3m5L.q2s9sXyZ.aK9x.1e8Z,ADMIN,SUSPENDED,532,2025-03-11T19:23:33
550,ilham_mansouri_550,ilham.mansouri550@gmail.com,$2a$10$e8M1.A2m.0hZ4pS2gXv2d.7O3m5L.q2s9sXyZ.aK9x.1e8Z,STAFF,SUSPENDED,275,2026-07-21T20:37:41
551,youssef_alaoui_551,youssef.alaoui551@gmail.com,$2a$10$e8M1.A2m.0hZ4pS2gXv2d.7O3m5L.q2s9sXyZ.aK9x.1e8Z,OWNER,PENDING,463,2024-07-07T12:27:56
552,othmane_tahiri_552,othmane.tahiri552@gmail.com,$2a$10$e8M1.A2m.0hZ4pS2gXv2d.7O3m5L.q2s9sXyZ.aK9x.1e8Z,OWNER,DISABLED,261,2026-02-05T20:05:18
553,saddik_daoudi_553,saddik.daoudi553@gmail.com,$2a$10$e8M1.A2m.0hZ4pS2gXv2d.7O3m5L.q2s9sXyZ.aK9x.1e8Z,ADMIN,PENDING,43,2025-09-20T13:27:28
554,saddik_tazi_554,saddik.tazi554@gmail.com,$2a$10$e8M1.A2m.0hZ4pS2gXv2d.7O3m5L.q2s9sXyZ.aK9x.1e8Z,STAFF,DISABLED,510,2025-05-13T08:11:28
555,hassan_chraibi_555,hassan.chraibi555@gmail.com,$2a$10$e8M1.A2m.0hZ4pS2gXv2d.7O3m5L.q2s9sXyZ.aK9x.1e8Z,PHARMACIST,DISABLED,85,2025-09-17T16:41:05
556,karim_alaoui_556,karim.alaoui556@gmail.com,$2a$10$e8M1.A2m.0hZ4pS2gXv2d.7O3m5L.q2s9sXyZ.aK9x.1e8Z,PHARMACIST,ACTIVE,74,2025-01-18T11:21:12
557,soufiane_chraibi_557,soufiane.chraibi557@gmail.com,$2a$10$e8M1.A2m.0hZ4pS2gXv2d.7O3m5L.q2s9sXyZ.aK9x.1e8Z,ADMIN,DISABLED,196,2026-10-05T20:45:47
558,houda_chraibi_558,houda.chraibi558@gmail.com,$2a$10$e8M1.A2m.0hZ4pS2gXv2d.7O3m5L.q2s9sXyZ.aK9x.1e8Z,PHARMACIST,DISABLED,289,2025-07-13T17:48:41
559,amine_skalli_559,amine.skalli559@gmail.com,$2a$10$e8M1.A2m.0hZ4pS2gXv2d.7O3m5L.q2s9sXyZ.aK9x.1e8Z,OWNER,SUSPENDED,234,2024-12-24T11:30:14
560,reda_tahiri_560,reda.tahiri560@gmail.com,$2a$10$e8M1.A2m.0hZ4pS2gXv2d.7O3m5L.q2s9sXyZ.aK9x.1e8Z,STAFF,SUSPENDED,349,2024-06-28T11:27:49
561,nadia_alaoui_561,nadia.alaoui561@gmail.com,$2a$10$e8M1.A2m.0hZ4pS2gXv2d.7O3m5L.q2s9sXyZ.aK9x.1e8Z,STAFF,SUSPENDED,31,2025-03-19T10:19:47
562,amine_skalli_562,amine.skalli562@gmail.com,$2a$10$e8M1.A2m.0hZ4pS2gXv2d.7O3m5L.q2s9sXyZ.aK9x.1e8Z,ADMIN,DISABLED,231,2025-07-22T20:25:48
563,houda_chraibi_563,houda.chraibi563@gmail.com,$2a$10$e8M1.A2m.0hZ4pS2gXv2d.7O3m5L.q2s9sXyZ.aK9x.1e8Z,ADMIN,ACTIVE,33,2024-03-11T17:40:51
564,othmane_tazi_564,othmane.tazi564@gmail.com,$2a$10$e8M1.A2m.0hZ4pS2gXv2d.7O3m5L.q2s9sXyZ.aK9x.1e8Z,OWNER,SUSPENDED,66,2026-07-07T15:06:21
565,saddik_naciri_565,saddik.naciri565@gmail.com,$2a$10$e8M1.A2m.0hZ4pS2gXv2d.7O3m5L.q2s9sXyZ.aK9x.1e8Z,ADMIN,ACTIVE,176,2024-11-18T10:02:52
566,ilham_el amrani_566,ilham.el amrani566@gmail.com,$2a$10$e8M1.A2m.0hZ4pS2gXv2d.7O3m5L.q2s9sXyZ.aK9x.1e8Z,OWNER,PENDING,72,2025-05-07T11:18:42
567,reda_benjelloun_567,reda.benjelloun567@gmail.com,$2a$10$e8M1.A2m.0hZ4pS2gXv2d.7O3m5L.q2s9sXyZ.aK9x.1e8Z,STAFF,ACTIVE,378,2026-01-06T13:55:58
568,nadia_tazi_568,nadia.tazi568@gmail.com,$2a$10$e8M1.A2m.0hZ4pS2gXv2d.7O3m5L.q2s9sXyZ.aK9x.1e8Z,OWNER,ACTIVE,133,2026-07-16T19:04:24
569,mehdi_berrada_569,mehdi.berrada569@gmail.com,$2a$10$e8M1.A2m.0hZ4pS2gXv2d.7O3m5L.q2s9sXyZ.aK9x.1e8Z,OWNER,DISABLED,443,2026-11-16T10:38:36
570,zineb_tahiri_570,zineb.tahiri570@gmail.com,$2a$10$e8M1.A2m.0hZ4pS2gXv2d.7O3m5L.q2s9sXyZ.aK9x.1e8Z,OWNER,SUSPENDED,283,2024-01-05T15:04:52
571,othmane_tahiri_571,othmane.tahiri571@gmail.com,$2a$10$e8M1.A2m.0hZ4pS2gXv2d.7O3m5L.q2s9sXyZ.aK9x.1e8Z,OWNER,DISABLED,503,2025-08-19T08:47:05
572,zineb_naciri_572,zineb.naciri572@gmail.com,$2a$10$e8M1.A2m.0hZ4pS2gXv2d.7O3m5L.q2s9sXyZ.aK9x.1e8Z,STAFF,DISABLED,305,2025-10-27T20:54:11
573,nadia_alaoui_573,nadia.alaoui573@gmail.com,$2a$10$e8M1.A2m.0hZ4pS2gXv2d.7O3m5L.q2s9sXyZ.aK9x.1e8Z,OWNER,SUSPENDED,469,2025-11-06T19:36:06
574,othmane_mansouri_574,othmane.mansouri574@gmail.com,$2a$10$e8M1.A2m.0hZ4pS2gXv2d.7O3m5L.q2s9sXyZ.aK9x.1e8Z,PHARMACIST,PENDING,162,2025-11-18T12:42:58
575,omar_mansouri_575,omar.mansouri575@gmail.com,$2a$10$e8M1.A2m.0hZ4pS2gXv2d.7O3m5L.q2s9sXyZ.aK9x.1e8Z,OWNER,SUSPENDED,422,2026-02-12T09:48:06
576,reda_kabbaj_576,reda.kabbaj576@gmail.com,$2a$10$e8M1.A2m.0hZ4pS2gXv2d.7O3m5L.q2s9sXyZ.aK9x.1e8Z,ADMIN,SUSPENDED,462,2024-05-07T16:02:29
577,amine_benjelloun_577,amine.benjelloun577@gmail.com,$2a$10$e8M1.A2m.0hZ4pS2gXv2d.7O3m5L.q2s9sXyZ.aK9x.1e8Z,STAFF,SUSPENDED,352,2026-07-28T11:25:02
578,amine_chraibi_578,amine.chraibi578@gmail.com,$2a$10$e8M1.A2m.0hZ4pS2gXv2d.7O3m5L.q2s9sXyZ.aK9x.1e8Z,PHARMACIST,PENDING,335,2026-12-15T15:29:04
579,omar_daoudi_579,omar.daoudi579@gmail.com,$2a$10$e8M1.A2m.0hZ4pS2gXv2d.7O3m5L.q2s9sXyZ.aK9x.1e8Z,OWNER,SUSPENDED,144,2025-05-27T10:10:53
580,amine_tahiri_580,amine.tahiri580@gmail.com,$2a$10$e8M1.A2m.0hZ4pS2gXv2d.7O3m5L.q2s9sXyZ.aK9x.1e8Z,PHARMACIST,PENDING,302,2024-09-24T14:10:04
581,amine_naciri_581,amine.naciri581@gmail.com,$2a$10$e8M1.A2m.0hZ4pS2gXv2d.7O3m5L.q2s9sXyZ.aK9x.1e8Z,ADMIN,PENDING,452,2025-03-07T19:02:57
582,houda_alaoui_582,houda.alaoui582@gmail.com,$2a$10$e8M1.A2m.0hZ4pS2gXv2d.7O3m5L.q2s9sXyZ.aK9x.1e8Z,STAFF,ACTIVE,536,2026-11-23T18:57:06
583,othmane_mansouri_583,othmane.mansouri583@gmail.com,$2a$10$e8M1.A2m.0hZ4pS2gXv2d.7O3m5L.q2s9sXyZ.aK9x.1e8Z,ADMIN,SUSPENDED,54,2026-01-02T20:24:49
584,mehdi_alaoui_584,mehdi.alaoui584@gmail.com,$2a$10$e8M1.A2m.0hZ4pS2gXv2d.7O3m5L.q2s9sXyZ.aK9x.1e8Z,ADMIN,PENDING,205,2024-01-14T08:00:21
585,mehdi_naciri_585,mehdi.naciri585@gmail.com,$2a$10$e8M1.A2m.0hZ4pS2gXv2d.7O3m5L.q2s9sXyZ.aK9x.1e8Z,PHARMACIST,PENDING,99,2026-03-24T10:02:26
586,reda_benjelloun_586,reda.benjelloun586@gmail.com,$2a$10$e8M1.A2m.0hZ4pS2gXv2d.7O3m5L.q2s9sXyZ.aK9x.1e8Z,ADMIN,DISABLED,195,2026-04-18T14:27:07
587,hassan_alaoui_587,hassan.alaoui587@gmail.com,$2a$10$e8M1.A2m.0hZ4pS2gXv2d.7O3m5L.q2s9sXyZ.aK9x.1e8Z,PHARMACIST,DISABLED,332,2024-01-13T18:20:00
588,othmane_alaoui_588,othmane.alaoui588@gmail.com,$2a$10$e8M1.A2m.0hZ4pS2gXv2d.7O3m5L.q2s9sXyZ.aK9x.1e8Z,STAFF,PENDING,68,2026-05-21T17:23:02
589,omar_alaoui_589,omar.alaoui589@gmail.com,$2a$10$e8M1.A2m.0hZ4pS2gXv2d.7O3m5L.q2s9sXyZ.aK9x.1e8Z,STAFF,DISABLED,512,2024-12-18T20:59:54
590,siham_chraibi_590,siham.chraibi590@gmail.com,$2a$10$e8M1.A2m.0hZ4pS2gXv2d.7O3m5L.q2s9sXyZ.aK9x.1e8Z,PHARMACIST,DISABLED,398,2026-12-05T13:11:40
591,soufiane_bennani_591,soufiane.bennani591@gmail.com,$2a$10$e8M1.A2m.0hZ4pS2gXv2d.7O3m5L.q2s9sXyZ.aK9x.1e8Z,STAFF,ACTIVE,344,2024-10-19T15:24:32
592,hassan_daoudi_592,hassan.daoudi592@gmail.com,$2a$10$e8M1.A2m.0hZ4pS2gXv2d.7O3m5L.q2s9sXyZ.aK9x.1e8Z,PHARMACIST,PENDING,22,2026-02-10T11:47:27
593,hassan_tahiri_593,hassan.tahiri593@gmail.com,$2a$10$e8M1.A2m.0hZ4pS2gXv2d.7O3m5L.q2s9sXyZ.aK9x.1e8Z,PHARMACIST,ACTIVE,141,2025-08-10T11:09:24
594,mehdi_naciri_594,mehdi.naciri594@gmail.com,$2a$10$e8M1.A2m.0hZ4pS2gXv2d.7O3m5L.q2s9sXyZ.aK9x.1e8Z,PHARMACIST,PENDING,455,2026-06-05T12:20:41
595,youssef_daoudi_595,youssef.daoudi595@gmail.com,$2a$10$e8M1.A2m.0hZ4pS2gXv2d.7O3m5L.q2s9sXyZ.aK9x.1e8Z,STAFF,DISABLED,25,2024-12-11T13:15:13
596,houda_el amrani_596,houda.el amrani596@gmail.com,$2a$10$e8M1.A2m.0hZ4pS2gXv2d.7O3m5L.q2s9sXyZ.aK9x.1e8Z,OWNER,PENDING,391,2026-06-06T15:40:00
597,omar_bennani_597,omar.bennani597@gmail.com,$2a$10$e8M1.A2m.0hZ4pS2gXv2d.7O3m5L.q2s9sXyZ.aK9x.1e8Z,STAFF,ACTIVE,198,2024-11-05T11:08:05
598,siham_tahiri_598,siham.tahiri598@gmail.com,$2a$10$e8M1.A2m.0hZ4pS2gXv2d.7O3m5L.q2s9sXyZ.aK9x.1e8Z,OWNER,PENDING,520,2024-07-24T15:19:10
599,mehdi_alaoui_599,mehdi.alaoui599@gmail.com,$2a$10$e8M1.A2m.0hZ4pS2gXv2d.7O3m5L.q2s9sXyZ.aK9x.1e8Z,STAFF,PENDING,255,2025-05-19T15:40:12
600,karim_bennani_600,karim.bennani600@gmail.com,$2a$10$e8M1.A2m.0hZ4pS2gXv2d.7O3m5L.q2s9sXyZ.aK9x.1e8Z,STAFF,ACTIVE,369,2025-07-06T15:28:27
601,reda_tahiri_601,reda.tahiri601@gmail.com,$2a$10$e8M1.A2m.0hZ4pS2gXv2d.7O3m5L.q2s9sXyZ.aK9x.1e8Z,STAFF,PENDING,494,2024-07-14T09:48:58
602,zineb_tahiri_602,zineb.tahiri602@gmail.com,$2a$10$e8M1.A2m.0hZ4pS2gXv2d.7O3m5L.q2s9sXyZ.aK9x.1e8Z,OWNER,PENDING,264,2025-08-10T15:18:24
603,houda_tahiri_603,houda.tahiri603@gmail.com,$2a$10$e8M1.A2m.0hZ4pS2gXv2d.7O3m5L.q2s9sXyZ.aK9x.1e8Z,STAFF,ACTIVE,342,2024-12-16T11:09:58
604,mehdi_el amrani_604,mehdi.el amrani604@gmail.com,$2a$10$e8M1.A2m.0hZ4pS2gXv2d.7O3m5L.q2s9sXyZ.aK9x.1e8Z,PHARMACIST,DISABLED,504,2025-07-13T19:23:24
605,ilham_chraibi_605,ilham.chraibi605@gmail.com,$2a$10$e8M1.A2m.0hZ4pS2gXv2d.7O3m5L.q2s9sXyZ.aK9x.1e8Z,PHARMACIST,SUSPENDED,40,2024-07-19T10:12:48
606,nadia_chraibi_606,nadia.chraibi606@gmail.com,$2a$10$e8M1.A2m.0hZ4pS2gXv2d.7O3m5L.q2s9sXyZ.aK9x.1e8Z,ADMIN,SUSPENDED,378,2026-01-21T14:59:27
607,hassan_alaoui_607,hassan.alaoui607@gmail.com,$2a$10$e8M1.A2m.0hZ4pS2gXv2d.7O3m5L.q2s9sXyZ.aK9x.1e8Z,STAFF,ACTIVE,371,2026-12-22T08:44:42
608,fatima_chraibi_608,fatima.chraibi608@gmail.com,$2a$10$e8M1.A2m.0hZ4pS2gXv2d.7O3m5L.q2s9sXyZ.aK9x.1e8Z,STAFF,PENDING,261,2024-10-19T18:53:10
609,amine_benjelloun_609,amine.benjelloun609@gmail.com,$2a$10$e8M1.A2m.0hZ4pS2gXv2d.7O3m5L.q2s9sXyZ.aK9x.1e8Z,PHARMACIST,SUSPENDED,408,2026-10-03T16:58:12
610,nadia_berrada_610,nadia.berrada610@gmail.com,$2a$10$e8M1.A2m.0hZ4pS2gXv2d.7O3m5L.q2s9sXyZ.aK9x.1e8Z,STAFF,DISABLED,310,2026-09-22T14:37:19
611,nadia_kabbaj_611,nadia.kabbaj611@gmail.com,$2a$10$e8M1.A2m.0hZ4pS2gXv2d.7O3m5L.q2s9sXyZ.aK9x.1e8Z,PHARMACIST,ACTIVE,353,2024-05-24T11:59:47
612,othmane_mansouri_612,othmane.mansouri612@gmail.com,$2a$10$e8M1.A2m.0hZ4pS2gXv2d.7O3m5L.q2s9sXyZ.aK9x.1e8Z,ADMIN,ACTIVE,173,2025-01-04T09:49:44
613,nadia_daoudi_613,nadia.daoudi613@gmail.com,$2a$10$e8M1.A2m.0hZ4pS2gXv2d.7O3m5L.q2s9sXyZ.aK9x.1e8Z,STAFF,DISABLED,442,2024-03-12T10:45:08
614,mehdi_skalli_614,mehdi.skalli614@gmail.com,$2a$10$e8M1.A2m.0hZ4pS2gXv2d.7O3m5L.q2s9sXyZ.aK9x.1e8Z,OWNER,ACTIVE,462,2026-04-06T11:03:47
615,siham_kabbaj_615,siham.kabbaj615@gmail.com,$2a$10$e8M1.A2m.0hZ4pS2gXv2d.7O3m5L.q2s9sXyZ.aK9x.1e8Z,OWNER,DISABLED,419,2025-11-20T09:55:40
616,siham_benjelloun_616,siham.benjelloun616@gmail.com,$2a$10$e8M1.A2m.0hZ4pS2gXv2d.7O3m5L.q2s9sXyZ.aK9x.1e8Z,ADMIN,ACTIVE,387,2024-05-03T13:01:37
617,hassan_skalli_617,hassan.skalli617@gmail.com,$2a$10$e8M1.A2m.0hZ4pS2gXv2d.7O3m5L.q2s9sXyZ.aK9x.1e8Z,STAFF,ACTIVE,10,2024-05-25T08:42:37
618,youssef_benjelloun_618,youssef.benjelloun618@gmail.com,$2a$10$e8M1.A2m.0hZ4pS2gXv2d.7O3m5L.q2s9sXyZ.aK9x.1e8Z,OWNER,ACTIVE,385,2026-09-25T12:59:31
619,ilham_kabbaj_619,ilham.kabbaj619@gmail.com,$2a$10$e8M1.A2m.0hZ4pS2gXv2d.7O3m5L.q2s9sXyZ.aK9x.1e8Z,ADMIN,SUSPENDED,345,2025-11-11T13:52:15
620,meryem_naciri_620,meryem.naciri620@gmail.com,$2a$10$e8M1.A2m.0hZ4pS2gXv2d.7O3m5L.q2s9sXyZ.aK9x.1e8Z,STAFF,SUSPENDED,59,2025-06-26T09:00:29
621,othmane_mansouri_621,othmane.mansouri621@gmail.com,$2a$10$e8M1.A2m.0hZ4pS2gXv2d.7O3m5L.q2s9sXyZ.aK9x.1e8Z,OWNER,ACTIVE,126,2026-05-23T20:52:15
622,meryem_skalli_622,meryem.skalli622@gmail.com,$2a$10$e8M1.A2m.0hZ4pS2gXv2d.7O3m5L.q2s9sXyZ.aK9x.1e8Z,STAFF,SUSPENDED,193,2024-11-27T13:01:40
623,meryem_bennani_623,meryem.bennani623@gmail.com,$2a$10$e8M1.A2m.0hZ4pS2gXv2d.7O3m5L.q2s9sXyZ.aK9x.1e8Z,PHARMACIST,DISABLED,455,2024-10-16T14:47:39
624,omar_el idrissi_624,omar.el idrissi624@gmail.com,$2a$10$e8M1.A2m.0hZ4pS2gXv2d.7O3m5L.q2s9sXyZ.aK9x.1e8Z,STAFF,SUSPENDED,103,2026-07-10T17:12:45
625,fatima_bennani_625,fatima.bennani625@gmail.com,$2a$10$e8M1.A2m.0hZ4pS2gXv2d.7O3m5L.q2s9sXyZ.aK9x.1e8Z,PHARMACIST,PENDING,510,2024-05-27T18:35:55
626,saddik_berrada_626,saddik.berrada626@gmail.com,$2a$10$e8M1.A2m.0hZ4pS2gXv2d.7O3m5L.q2s9sXyZ.aK9x.1e8Z,STAFF,ACTIVE,494,2026-09-08T11:13:10
627,omar_benjelloun_627,omar.benjelloun627@gmail.com,$2a$10$e8M1.A2m.0hZ4pS2gXv2d.7O3m5L.q2s9sXyZ.aK9x.1e8Z,STAFF,ACTIVE,165,2025-07-25T12:14:46
628,karim_naciri_628,karim.naciri628@gmail.com,$2a$10$e8M1.A2m.0hZ4pS2gXv2d.7O3m5L.q2s9sXyZ.aK9x.1e8Z,STAFF,ACTIVE,140,2026-11-24T15:05:50
629,soufiane_bennani_629,soufiane.bennani629@gmail.com,$2a$10$e8M1.A2m.0hZ4pS2gXv2d.7O3m5L.q2s9sXyZ.aK9x.1e8Z,OWNER,ACTIVE,352,2025-12-24T19:46:24
630,houda_bennani_630,houda.bennani630@gmail.com,$2a$10$e8M1.A2m.0hZ4pS2gXv2d.7O3m5L.q2s9sXyZ.aK9x.1e8Z,STAFF,PENDING,229,2025-02-10T09:07:05
631,soufiane_mansouri_631,soufiane.mansouri631@gmail.com,$2a$10$e8M1.A2m.0hZ4pS2gXv2d.7O3m5L.q2s9sXyZ.aK9x.1e8Z,OWNER,ACTIVE,377,2024-06-13T17:47:00
632,zineb_el amrani_632,zineb.el amrani632@gmail.com,$2a$10$e8M1.A2m.0hZ4pS2gXv2d.7O3m5L.q2s9sXyZ.aK9x.1e8Z,OWNER,SUSPENDED,434,2025-06-26T18:59:50
633,fatima_daoudi_633,fatima.daoudi633@gmail.com,$2a$10$e8M1.A2m.0hZ4pS2gXv2d.7O3m5L.q2s9sXyZ.aK9x.1e8Z,OWNER,ACTIVE,405,2024-09-28T15:20:09
634,zineb_bennani_634,zineb.bennani634@gmail.com,$2a$10$e8M1.A2m.0hZ4pS2gXv2d.7O3m5L.q2s9sXyZ.aK9x.1e8Z,OWNER,SUSPENDED,467,2024-10-10T10:47:42
635,youssef_tahiri_635,youssef.tahiri635@gmail.com,$2a$10$e8M1.A2m.0hZ4pS2gXv2d.7O3m5L.q2s9sXyZ.aK9x.1e8Z,ADMIN,DISABLED,515,2026-02-09T19:36:30
636,mehdi_skalli_636,mehdi.skalli636@gmail.com,$2a$10$e8M1.A2m.0hZ4pS2gXv2d.7O3m5L.q2s9sXyZ.aK9x.1e8Z,ADMIN,SUSPENDED,61,2025-03-27T19:13:54
637,hassan_mansouri_637,hassan.mansouri637@gmail.com,$2a$10$e8M1.A2m.0hZ4pS2gXv2d.7O3m5L.q2s9sXyZ.aK9x.1e8Z,PHARMACIST,PENDING,500,2026-07-10T18:58:54
638,siham_el amrani_638,siham.el amrani638@gmail.com,$2a$10$e8M1.A2m.0hZ4pS2gXv2d.7O3m5L.q2s9sXyZ.aK9x.1e8Z,STAFF,DISABLED,433,2026-08-12T20:25:25
639,omar_daoudi_639,omar.daoudi639@gmail.com,$2a$10$e8M1.A2m.0hZ4pS2gXv2d.7O3m5L.q2s9sXyZ.aK9x.1e8Z,ADMIN,DISABLED,200,2026-09-13T09:08:20
640,youssef_bennani_640,youssef.bennani640@gmail.com,$2a$10$e8M1.A2m.0hZ4pS2gXv2d.7O3m5L.q2s9sXyZ.aK9x.1e8Z,ADMIN,SUSPENDED,168,2026-03-15T19:30:18
641,fatima_alaoui_641,fatima.alaoui641@gmail.com,$2a$10$e8M1.A2m.0hZ4pS2gXv2d.7O3m5L.q2s9sXyZ.aK9x.1e8Z,OWNER,PENDING,10,2025-12-28T17:06:43
642,fatima_tazi_642,fatima.tazi642@gmail.com,$2a$10$e8M1.A2m.0hZ4pS2gXv2d.7O3m5L.q2s9sXyZ.aK9x.1e8Z,STAFF,PENDING,58,2024-06-16T10:03:07
643,reda_naciri_643,reda.naciri643@gmail.com,$2a$10$e8M1.A2m.0hZ4pS2gXv2d.7O3m5L.q2s9sXyZ.aK9x.1e8Z,ADMIN,SUSPENDED,153,2026-12-13T11:02:07
644,hassan_tazi_644,hassan.tazi644@gmail.com,$2a$10$e8M1.A2m.0hZ4pS2gXv2d.7O3m5L.q2s9sXyZ.aK9x.1e8Z,STAFF,DISABLED,177,2026-12-13T20:44:50
645,omar_kabbaj_645,omar.kabbaj645@gmail.com,$2a$10$e8M1.A2m.0hZ4pS2gXv2d.7O3m5L.q2s9sXyZ.aK9x.1e8Z,STAFF,SUSPENDED,282,2026-11-15T13:00:07
646,khadija_benjelloun_646,khadija.benjelloun646@gmail.com,$2a$10$e8M1.A2m.0hZ4pS2gXv2d.7O3m5L.q2s9sXyZ.aK9x.1e8Z,PHARMACIST,SUSPENDED,522,2024-01-19T17:36:30
647,karim_mansouri_647,karim.mansouri647@gmail.com,$2a$10$e8M1.A2m.0hZ4pS2gXv2d.7O3m5L.q2s9sXyZ.aK9x.1e8Z,PHARMACIST,PENDING,394,2025-11-23T14:19:36
648,fatima_benjelloun_648,fatima.benjelloun648@gmail.com,$2a$10$e8M1.A2m.0hZ4pS2gXv2d.7O3m5L.q2s9sXyZ.aK9x.1e8Z,ADMIN,ACTIVE,190,2025-12-01T14:35:52
649,houda_kabbaj_649,houda.kabbaj649@gmail.com,$2a$10$e8M1.A2m.0hZ4pS2gXv2d.7O3m5L.q2s9sXyZ.aK9x.1e8Z,STAFF,ACTIVE,532,2026-09-23T20:41:07
650,mehdi_naciri_650,mehdi.naciri650@gmail.com,$2a$10$e8M1.A2m.0hZ4pS2gXv2d.7O3m5L.q2s9sXyZ.aK9x.1e8Z,PHARMACIST,PENDING,185,2024-09-15T20:20:07
651,youssef_berrada_651,youssef.berrada651@gmail.com,$2a$10$e8M1.A2m.0hZ4pS2gXv2d.7O3m5L.q2s9sXyZ.aK9x.1e8Z,OWNER,PENDING,90,2026-05-28T20:02:05
652,khadija_daoudi_652,khadija.daoudi652@gmail.com,$2a$10$e8M1.A2m.0hZ4pS2gXv2d.7O3m5L.q2s9sXyZ.aK9x.1e8Z,ADMIN,DISABLED,176,2025-11-01T11:19:02
653,reda_kabbaj_653,reda.kabbaj653@gmail.com,$2a$10$e8M1.A2m.0hZ4pS2gXv2d.7O3m5L.q2s9sXyZ.aK9x.1e8Z,ADMIN,SUSPENDED,144,2026-08-23T13:33:58
654,meryem_tahiri_654,meryem.tahiri654@gmail.com,$2a$10$e8M1.A2m.0hZ4pS2gXv2d.7O3m5L.q2s9sXyZ.aK9x.1e8Z,OWNER,ACTIVE,46,2024-01-07T10:19:54
655,mehdi_berrada_655,mehdi.berrada655@gmail.com,$2a$10$e8M1.A2m.0hZ4pS2gXv2d.7O3m5L.q2s9sXyZ.aK9x.1e8Z,OWNER,DISABLED,285,2024-12-20T14:04:35
656,karim_chraibi_656,karim.chraibi656@gmail.com,$2a$10$e8M1.A2m.0hZ4pS2gXv2d.7O3m5L.q2s9sXyZ.aK9x.1e8Z,STAFF,PENDING,410,2025-02-09T18:27:44
657,fatima_daoudi_657,fatima.daoudi657@gmail.com,$2a$10$e8M1.A2m.0hZ4pS2gXv2d.7O3m5L.q2s9sXyZ.aK9x.1e8Z,OWNER,ACTIVE,276,2026-12-21T11:45:23
658,reda_tahiri_658,reda.tahiri658@gmail.com,$2a$10$e8M1.A2m.0hZ4pS2gXv2d.7O3m5L.q2s9sXyZ.aK9x.1e8Z,OWNER,SUSPENDED,158,2025-07-13T08:38:15
659,omar_chraibi_659,omar.chraibi659@gmail.com,$2a$10$e8M1.A2m.0hZ4pS2gXv2d.7O3m5L.q2s9sXyZ.aK9x.1e8Z,PHARMACIST,ACTIVE,417,2024-06-21T09:23:58
660,soufiane_kabbaj_660,soufiane.kabbaj660@gmail.com,$2a$10$e8M1.A2m.0hZ4pS2gXv2d.7O3m5L.q2s9sXyZ.aK9x.1e8Z,ADMIN,PENDING,232,2025-01-04T14:14:24
661,khadija_kabbaj_661,khadija.kabbaj661@gmail.com,$2a$10$e8M1.A2m.0hZ4pS2gXv2d.7O3m5L.q2s9sXyZ.aK9x.1e8Z,PHARMACIST,PENDING,540,2026-05-19T20:31:06
662,reda_el idrissi_662,reda.el idrissi662@gmail.com,$2a$10$e8M1.A2m.0hZ4pS2gXv2d.7O3m5L.q2s9sXyZ.aK9x.1e8Z,ADMIN,DISABLED,102,2024-03-11T20:24:11
663,meryem_kabbaj_663,meryem.kabbaj663@gmail.com,$2a$10$e8M1.A2m.0hZ4pS2gXv2d.7O3m5L.q2s9sXyZ.aK9x.1e8Z,STAFF,SUSPENDED,131,2025-01-22T16:45:09
664,fatima_berrada_664,fatima.berrada664@gmail.com,$2a$10$e8M1.A2m.0hZ4pS2gXv2d.7O3m5L.q2s9sXyZ.aK9x.1e8Z,STAFF,DISABLED,55,2026-11-12T19:49:15
665,nadia_mansouri_665,nadia.mansouri665@gmail.com,$2a$10$e8M1.A2m.0hZ4pS2gXv2d.7O3m5L.q2s9sXyZ.aK9x.1e8Z,STAFF,PENDING,450,2025-08-17T12:17:27
666,reda_mansouri_666,reda.mansouri666@gmail.com,$2a$10$e8M1.A2m.0hZ4pS2gXv2d.7O3m5L.q2s9sXyZ.aK9x.1e8Z,OWNER,DISABLED,90,2025-07-25T13:54:05
667,omar_benjelloun_667,omar.benjelloun667@gmail.com,$2a$10$e8M1.A2m.0hZ4pS2gXv2d.7O3m5L.q2s9sXyZ.aK9x.1e8Z,OWNER,ACTIVE,170,2026-01-03T19:18:35
668,ilham_kabbaj_668,ilham.kabbaj668@gmail.com,$2a$10$e8M1.A2m.0hZ4pS2gXv2d.7O3m5L.q2s9sXyZ.aK9x.1e8Z,PHARMACIST,SUSPENDED,521,2026-03-16T15:32:43
669,houda_mansouri_669,houda.mansouri669@gmail.com,$2a$10$e8M1.A2m.0hZ4pS2gXv2d.7O3m5L.q2s9sXyZ.aK9x.1e8Z,PHARMACIST,SUSPENDED,15,2026-04-27T19:00:45
670,nadia_mansouri_670,nadia.mansouri670@gmail.com,$2a$10$e8M1.A2m.0hZ4pS2gXv2d.7O3m5L.q2s9sXyZ.aK9x.1e8Z,ADMIN,PENDING,541,2026-10-02T17:28:10
671,reda_alaoui_671,reda.alaoui671@gmail.com,$2a$10$e8M1.A2m.0hZ4pS2gXv2d.7O3m5L.q2s9sXyZ.aK9x.1e8Z,OWNER,ACTIVE,376,2024-09-12T08:27:31
672,othmane_berrada_672,othmane.berrada672@gmail.com,$2a$10$e8M1.A2m.0hZ4pS2gXv2d.7O3m5L.q2s9sXyZ.aK9x.1e8Z,ADMIN,ACTIVE,347,2026-04-27T16:54:49
673,khadija_chraibi_673,khadija.chraibi673@gmail.com,$2a$10$e8M1.A2m.0hZ4pS2gXv2d.7O3m5L.q2s9sXyZ.aK9x.1e8Z,ADMIN,SUSPENDED,301,2025-04-01T19:40:36
674,othmane_alaoui_674,othmane.alaoui674@gmail.com,$2a$10$e8M1.A2m.0hZ4pS2gXv2d.7O3m5L.q2s9sXyZ.aK9x.1e8Z,ADMIN,ACTIVE,475,2026-08-02T13:00:39
675,saddik_el idrissi_675,saddik.el idrissi675@gmail.com,$2a$10$e8M1.A2m.0hZ4pS2gXv2d.7O3m5L.q2s9sXyZ.aK9x.1e8Z,ADMIN,DISABLED,110,2024-06-24T10:25:22
676,amine_benjelloun_676,amine.benjelloun676@gmail.com,$2a$10$e8M1.A2m.0hZ4pS2gXv2d.7O3m5L.q2s9sXyZ.aK9x.1e8Z,STAFF,SUSPENDED,203,2024-09-17T10:26:07
677,ilham_el amrani_677,ilham.el amrani677@gmail.com,$2a$10$e8M1.A2m.0hZ4pS2gXv2d.7O3m5L.q2s9sXyZ.aK9x.1e8Z,OWNER,DISABLED,232,2025-07-12T12:23:27
678,siham_daoudi_678,siham.daoudi678@gmail.com,$2a$10$e8M1.A2m.0hZ4pS2gXv2d.7O3m5L.q2s9sXyZ.aK9x.1e8Z,ADMIN,ACTIVE,450,2026-08-06T10:22:47
679,nadia_el amrani_679,nadia.el amrani679@gmail.com,$2a$10$e8M1.A2m.0hZ4pS2gXv2d.7O3m5L.q2s9sXyZ.aK9x.1e8Z,ADMIN,PENDING,114,2024-05-02T10:25:26
680,soufiane_el amrani_680,soufiane.el amrani680@gmail.com,$2a$10$e8M1.A2m.0hZ4pS2gXv2d.7O3m5L.q2s9sXyZ.aK9x.1e8Z,OWNER,PENDING,491,2026-05-04T14:31:35
681,ilham_kabbaj_681,ilham.kabbaj681@gmail.com,$2a$10$e8M1.A2m.0hZ4pS2gXv2d.7O3m5L.q2s9sXyZ.aK9x.1e8Z,OWNER,DISABLED,410,2026-12-24T14:08:07
682,khadija_kabbaj_682,khadija.kabbaj682@gmail.com,$2a$10$e8M1.A2m.0hZ4pS2gXv2d.7O3m5L.q2s9sXyZ.aK9x.1e8Z,PHARMACIST,PENDING,160,2025-09-01T20:43:15
683,youssef_naciri_683,youssef.naciri683@gmail.com,$2a$10$e8M1.A2m.0hZ4pS2gXv2d.7O3m5L.q2s9sXyZ.aK9x.1e8Z,ADMIN,SUSPENDED,9,2025-08-10T12:31:05
684,nadia_alaoui_684,nadia.alaoui684@gmail.com,$2a$10$e8M1.A2m.0hZ4pS2gXv2d.7O3m5L.q2s9sXyZ.aK9x.1e8Z,OWNER,PENDING,256,2025-02-28T12:44:15
685,nadia_alaoui_685,nadia.alaoui685@gmail.com,$2a$10$e8M1.A2m.0hZ4pS2gXv2d.7O3m5L.q2s9sXyZ.aK9x.1e8Z,STAFF,ACTIVE,515,2026-03-07T17:40:40
686,fatima_alaoui_686,fatima.alaoui686@gmail.com,$2a$10$e8M1.A2m.0hZ4pS2gXv2d.7O3m5L.q2s9sXyZ.aK9x.1e8Z,PHARMACIST,PENDING,411,2024-05-07T10:27:01
687,mehdi_benjelloun_687,mehdi.benjelloun687@gmail.com,$2a$10$e8M1.A2m.0hZ4pS2gXv2d.7O3m5L.q2s9sXyZ.aK9x.1e8Z,PHARMACIST,SUSPENDED,418,2026-05-23T18:14:14
688,soufiane_tazi_688,soufiane.tazi688@gmail.com,$2a$10$e8M1.A2m.0hZ4pS2gXv2d.7O3m5L.q2s9sXyZ.aK9x.1e8Z,STAFF,ACTIVE,523,2025-11-02T12:07:17
689,meryem_chraibi_689,meryem.chraibi689@gmail.com,$2a$10$e8M1.A2m.0hZ4pS2gXv2d.7O3m5L.q2s9sXyZ.aK9x.1e8Z,ADMIN,SUSPENDED,253,2025-01-06T08:00:03
690,soufiane_alaoui_690,soufiane.alaoui690@gmail.com,$2a$10$e8M1.A2m.0hZ4pS2gXv2d.7O3m5L.q2s9sXyZ.aK9x.1e8Z,ADMIN,SUSPENDED,287,2026-02-14T10:16:31
691,meryem_el idrissi_691,meryem.el idrissi691@gmail.com,$2a$10$e8M1.A2m.0hZ4pS2gXv2d.7O3m5L.q2s9sXyZ.aK9x.1e8Z,ADMIN,ACTIVE,100,2026-01-22T16:49:55
692,fatima_el idrissi_692,fatima.el idrissi692@gmail.com,$2a$10$e8M1.A2m.0hZ4pS2gXv2d.7O3m5L.q2s9sXyZ.aK9x.1e8Z,ADMIN,DISABLED,542,2026-06-08T18:17:13
693,othmane_benjelloun_693,othmane.benjelloun693@gmail.com,$2a$10$e8M1.A2m.0hZ4pS2gXv2d.7O3m5L.q2s9sXyZ.aK9x.1e8Z,PHARMACIST,PENDING,124,2024-10-21T11:12:45
694,saddik_benjelloun_694,saddik.benjelloun694@gmail.com,$2a$10$e8M1.A2m.0hZ4pS2gXv2d.7O3m5L.q2s9sXyZ.aK9x.1e8Z,PHARMACIST,DISABLED,309,2026-08-25T11:34:46
695,fatima_el amrani_695,fatima.el amrani695@gmail.com,$2a$10$e8M1.A2m.0hZ4pS2gXv2d.7O3m5L.q2s9sXyZ.aK9x.1e8Z,OWNER,PENDING,429,2026-12-09T20:54:54
696,houda_el idrissi_696,houda.el idrissi696@gmail.com,$2a$10$e8M1.A2m.0hZ4pS2gXv2d.7O3m5L.q2s9sXyZ.aK9x.1e8Z,ADMIN,SUSPENDED,121,2025-02-16T14:33:59
697,reda_kabbaj_697,reda.kabbaj697@gmail.com,$2a$10$e8M1.A2m.0hZ4pS2gXv2d.7O3m5L.q2s9sXyZ.aK9x.1e8Z,PHARMACIST,PENDING,281,2026-03-10T08:36:03
698,mehdi_mansouri_698,mehdi.mansouri698@gmail.com,$2a$10$e8M1.A2m.0hZ4pS2gXv2d.7O3m5L.q2s9sXyZ.aK9x.1e8Z,STAFF,SUSPENDED,546,2026-02-06T15:48:32
699,othmane_daoudi_699,othmane.daoudi699@gmail.com,$2a$10$e8M1.A2m.0hZ4pS2gXv2d.7O3m5L.q2s9sXyZ.aK9x.1e8Z,STAFF,SUSPENDED,279,2024-03-01T10:36:13
700,amine_kabbaj_700,amine.kabbaj700@gmail.com,$2a$10$e8M1.A2m.0hZ4pS2gXv2d.7O3m5L.q2s9sXyZ.aK9x.1e8Z,STAFF,DISABLED,311,2024-05-23T12:35:07
701,siham_alaoui_701,siham.alaoui701@gmail.com,$2a$10$e8M1.A2m.0hZ4pS2gXv2d.7O3m5L.q2s9sXyZ.aK9x.1e8Z,PHARMACIST,PENDING,299,2024-11-05T12:59:08
702,karim_bennani_702,karim.bennani702@gmail.com,$2a$10$e8M1.A2m.0hZ4pS2gXv2d.7O3m5L.q2s9sXyZ.aK9x.1e8Z,PHARMACIST,PENDING,216,2026-02-01T18:22:40
703,meryem_el idrissi_703,meryem.el idrissi703@gmail.com,$2a$10$e8M1.A2m.0hZ4pS2gXv2d.7O3m5L.q2s9sXyZ.aK9x.1e8Z,PHARMACIST,DISABLED,137,2025-10-10T13:03:40
704,amine_bennani_704,amine.bennani704@gmail.com,$2a$10$e8M1.A2m.0hZ4pS2gXv2d.7O3m5L.q2s9sXyZ.aK9x.1e8Z,ADMIN,PENDING,287,2024-05-01T16:42:55
705,khadija_mansouri_705,khadija.mansouri705@gmail.com,$2a$10$e8M1.A2m.0hZ4pS2gXv2d.7O3m5L.q2s9sXyZ.aK9x.1e8Z,STAFF,DISABLED,212,2025-04-11T12:13:37
706,othmane_berrada_706,othmane.berrada706@gmail.com,$2a$10$e8M1.A2m.0hZ4pS2gXv2d.7O3m5L.q2s9sXyZ.aK9x.1e8Z,STAFF,PENDING,445,2025-03-16T09:31:11
707,saddik_berrada_707,saddik.berrada707@gmail.com,$2a$10$e8M1.A2m.0hZ4pS2gXv2d.7O3m5L.q2s9sXyZ.aK9x.1e8Z,OWNER,PENDING,503,2026-03-21T12:01:19
708,siham_berrada_708,siham.berrada708@gmail.com,$2a$10$e8M1.A2m.0hZ4pS2gXv2d.7O3m5L.q2s9sXyZ.aK9x.1e8Z,STAFF,PENDING,72,2024-02-14T11:29:58
709,othmane_benjelloun_709,othmane.benjelloun709@gmail.com,$2a$10$e8M1.A2m.0hZ4pS2gXv2d.7O3m5L.q2s9sXyZ.aK9x.1e8Z,OWNER,ACTIVE,103,2025-07-01T09:52:00
710,youssef_berrada_710,youssef.berrada710@gmail.com,$2a$10$e8M1.A2m.0hZ4pS2gXv2d.7O3m5L.q2s9sXyZ.aK9x.1e8Z,OWNER,ACTIVE,275,2024-11-20T08:50:00
711,khadija_daoudi_711,khadija.daoudi711@gmail.com,$2a$10$e8M1.A2m.0hZ4pS2gXv2d.7O3m5L.q2s9sXyZ.aK9x.1e8Z,ADMIN,ACTIVE,208,2024-08-25T17:57:28
712,siham_chraibi_712,siham.chraibi712@gmail.com,$2a$10$e8M1.A2m.0hZ4pS2gXv2d.7O3m5L.q2s9sXyZ.aK9x.1e8Z,ADMIN,SUSPENDED,159,2024-01-18T19:17:40
713,houda_benjelloun_713,houda.benjelloun713@gmail.com,$2a$10$e8M1.A2m.0hZ4pS2gXv2d.7O3m5L.q2s9sXyZ.aK9x.1e8Z,PHARMACIST,ACTIVE,106,2026-05-04T16:56:53
714,nadia_berrada_714,nadia.berrada714@gmail.com,$2a$10$e8M1.A2m.0hZ4pS2gXv2d.7O3m5L.q2s9sXyZ.aK9x.1e8Z,PHARMACIST,PENDING,25,2024-07-13T10:22:41
715,zineb_alaoui_715,zineb.alaoui715@gmail.com,$2a$10$e8M1.A2m.0hZ4pS2gXv2d.7O3m5L.q2s9sXyZ.aK9x.1e8Z,STAFF,ACTIVE,504,2024-02-08T09:18:22
716,omar_tahiri_716,omar.tahiri716@gmail.com,$2a$10$e8M1.A2m.0hZ4pS2gXv2d.7O3m5L.q2s9sXyZ.aK9x.1e8Z,ADMIN,ACTIVE,370,2024-01-20T10:11:27
717,reda_el idrissi_717,reda.el idrissi717@gmail.com,$2a$10$e8M1.A2m.0hZ4pS2gXv2d.7O3m5L.q2s9sXyZ.aK9x.1e8Z,OWNER,SUSPENDED,154,2026-11-10T17:52:18
718,meryem_benjelloun_718,meryem.benjelloun718@gmail.com,$2a$10$e8M1.A2m.0hZ4pS2gXv2d.7O3m5L.q2s9sXyZ.aK9x.1e8Z,ADMIN,SUSPENDED,378,2025-12-26T09:50:00
719,fatima_kabbaj_719,fatima.kabbaj719@gmail.com,$2a$10$e8M1.A2m.0hZ4pS2gXv2d.7O3m5L.q2s9sXyZ.aK9x.1e8Z,OWNER,DISABLED,152,2025-08-24T20:50:30
720,omar_benjelloun_720,omar.benjelloun720@gmail.com,$2a$10$e8M1.A2m.0hZ4pS2gXv2d.7O3m5L.q2s9sXyZ.aK9x.1e8Z,STAFF,DISABLED,149,2024-06-05T10:49:24
721,meryem_el idrissi_721,meryem.el idrissi721@gmail.com,$2a$10$e8M1.A2m.0hZ4pS2gXv2d.7O3m5L.q2s9sXyZ.aK9x.1e8Z,STAFF,SUSPENDED,493,2026-07-20T20:40:21
722,fatima_kabbaj_722,fatima.kabbaj722@gmail.com,$2a$10$e8M1.A2m.0hZ4pS2gXv2d.7O3m5L.q2s9sXyZ.aK9x.1e8Z,OWNER,SUSPENDED,429,2026-08-18T16:31:34
723,houda_bennani_723,houda.bennani723@gmail.com,$2a$10$e8M1.A2m.0hZ4pS2gXv2d.7O3m5L.q2s9sXyZ.aK9x.1e8Z,OWNER,SUSPENDED,86,2026-12-14T16:36:49
724,hassan_mansouri_724,hassan.mansouri724@gmail.com,$2a$10$e8M1.A2m.0hZ4pS2gXv2d.7O3m5L.q2s9sXyZ.aK9x.1e8Z,PHARMACIST,PENDING,371,2024-04-28T08:23:35
725,ilham_berrada_725,ilham.berrada725@gmail.com,$2a$10$e8M1.A2m.0hZ4pS2gXv2d.7O3m5L.q2s9sXyZ.aK9x.1e8Z,PHARMACIST,ACTIVE,358,2025-03-10T15:09:53
726,houda_tazi_726,houda.tazi726@gmail.com,$2a$10$e8M1.A2m.0hZ4pS2gXv2d.7O3m5L.q2s9sXyZ.aK9x.1e8Z,OWNER,PENDING,230,2024-12-05T09:44:45
727,fatima_tazi_727,fatima.tazi727@gmail.com,$2a$10$e8M1.A2m.0hZ4pS2gXv2d.7O3m5L.q2s9sXyZ.aK9x.1e8Z,PHARMACIST,SUSPENDED,381,2024-12-04T18:37:04
728,ilham_bennani_728,ilham.bennani728@gmail.com,$2a$10$e8M1.A2m.0hZ4pS2gXv2d.7O3m5L.q2s9sXyZ.aK9x.1e8Z,OWNER,ACTIVE,151,2025-03-03T11:04:00
729,nadia_berrada_729,nadia.berrada729@gmail.com,$2a$10$e8M1.A2m.0hZ4pS2gXv2d.7O3m5L.q2s9sXyZ.aK9x.1e8Z,OWNER,SUSPENDED,144,2026-09-23T12:30:26
730,soufiane_skalli_730,soufiane.skalli730@gmail.com,$2a$10$e8M1.A2m.0hZ4pS2gXv2d.7O3m5L.q2s9sXyZ.aK9x.1e8Z,PHARMACIST,DISABLED,114,2024-01-21T08:38:48
731,siham_daoudi_731,siham.daoudi731@gmail.com,$2a$10$e8M1.A2m.0hZ4pS2gXv2d.7O3m5L.q2s9sXyZ.aK9x.1e8Z,OWNER,ACTIVE,406,2025-11-15T16:45:53
732,karim_tahiri_732,karim.tahiri732@gmail.com,$2a$10$e8M1.A2m.0hZ4pS2gXv2d.7O3m5L.q2s9sXyZ.aK9x.1e8Z,ADMIN,PENDING,434,2024-05-03T16:24:08
733,mehdi_tazi_733,mehdi.tazi733@gmail.com,$2a$10$e8M1.A2m.0hZ4pS2gXv2d.7O3m5L.q2s9sXyZ.aK9x.1e8Z,PHARMACIST,PENDING,402,2024-12-18T17:53:04
734,saddik_skalli_734,saddik.skalli734@gmail.com,$2a$10$e8M1.A2m.0hZ4pS2gXv2d.7O3m5L.q2s9sXyZ.aK9x.1e8Z,ADMIN,SUSPENDED,390,2024-01-26T13:41:27
735,mehdi_chraibi_735,mehdi.chraibi735@gmail.com,$2a$10$e8M1.A2m.0hZ4pS2gXv2d.7O3m5L.q2s9sXyZ.aK9x.1e8Z,PHARMACIST,ACTIVE,80,2025-10-25T13:01:15
736,zineb_berrada_736,zineb.berrada736@gmail.com,$2a$10$e8M1.A2m.0hZ4pS2gXv2d.7O3m5L.q2s9sXyZ.aK9x.1e8Z,PHARMACIST,ACTIVE,217,2026-01-25T12:12:35
737,mehdi_naciri_737,mehdi.naciri737@gmail.com,$2a$10$e8M1.A2m.0hZ4pS2gXv2d.7O3m5L.q2s9sXyZ.aK9x.1e8Z,PHARMACIST,PENDING,276,2024-10-19T08:36:50
738,ilham_el amrani_738,ilham.el amrani738@gmail.com,$2a$10$e8M1.A2m.0hZ4pS2gXv2d.7O3m5L.q2s9sXyZ.aK9x.1e8Z,PHARMACIST,DISABLED,96,2025-01-12T20:18:25
739,reda_alaoui_739,reda.alaoui739@gmail.com,$2a$10$e8M1.A2m.0hZ4pS2gXv2d.7O3m5L.q2s9sXyZ.aK9x.1e8Z,ADMIN,SUSPENDED,365,2024-12-22T09:21:26
740,reda_benjelloun_740,reda.benjelloun740@gmail.com,$2a$10$e8M1.A2m.0hZ4pS2gXv2d.7O3m5L.q2s9sXyZ.aK9x.1e8Z,OWNER,ACTIVE,392,2025-10-28T08:18:10
741,fatima_naciri_741,fatima.naciri741@gmail.com,$2a$10$e8M1.A2m.0hZ4pS2gXv2d.7O3m5L.q2s9sXyZ.aK9x.1e8Z,STAFF,ACTIVE,96,2026-04-07T20:43:41
742,fatima_kabbaj_742,fatima.kabbaj742@gmail.com,$2a$10$e8M1.A2m.0hZ4pS2gXv2d.7O3m5L.q2s9sXyZ.aK9x.1e8Z,OWNER,DISABLED,459,2024-06-10T13:39:54
743,nadia_el amrani_743,nadia.el amrani743@gmail.com,$2a$10$e8M1.A2m.0hZ4pS2gXv2d.7O3m5L.q2s9sXyZ.aK9x.1e8Z,STAFF,PENDING,214,2026-10-03T10:36:40
744,ilham_benjelloun_744,ilham.benjelloun744@gmail.com,$2a$10$e8M1.A2m.0hZ4pS2gXv2d.7O3m5L.q2s9sXyZ.aK9x.1e8Z,PHARMACIST,PENDING,317,2026-02-16T09:29:20
745,siham_chraibi_745,siham.chraibi745@gmail.com,$2a$10$e8M1.A2m.0hZ4pS2gXv2d.7O3m5L.q2s9sXyZ.aK9x.1e8Z,OWNER,ACTIVE,287,2026-06-12T09:04:11
746,saddik_chraibi_746,saddik.chraibi746@gmail.com,$2a$10$e8M1.A2m.0hZ4pS2gXv2d.7O3m5L.q2s9sXyZ.aK9x.1e8Z,STAFF,DISABLED,453,2026-03-04T17:31:02
747,meryem_bennani_747,meryem.bennani747@gmail.com,$2a$10$e8M1.A2m.0hZ4pS2gXv2d.7O3m5L.q2s9sXyZ.aK9x.1e8Z,ADMIN,SUSPENDED,419,2026-11-05T15:23:32
748,soufiane_el idrissi_748,soufiane.el idrissi748@gmail.com,$2a$10$e8M1.A2m.0hZ4pS2gXv2d.7O3m5L.q2s9sXyZ.aK9x.1e8Z,PHARMACIST,SUSPENDED,519,2025-05-22T08:39:41
749,youssef_mansouri_749,youssef.mansouri749@gmail.com,$2a$10$e8M1.A2m.0hZ4pS2gXv2d.7O3m5L.q2s9sXyZ.aK9x.1e8Z,OWNER,ACTIVE,159,2024-05-13T10:36:25
750,omar_alaoui_750,omar.alaoui750@gmail.com,$2a$10$e8M1.A2m.0hZ4pS2gXv2d.7O3m5L.q2s9sXyZ.aK9x.1e8Z,STAFF,SUSPENDED,96,2025-08-15T18:34:57
751,saddik_benjelloun_751,saddik.benjelloun751@gmail.com,$2a$10$e8M1.A2m.0hZ4pS2gXv2d.7O3m5L.q2s9sXyZ.aK9x.1e8Z,PHARMACIST,PENDING,111,2025-07-07T14:21:04
752,soufiane_el idrissi_752,soufiane.el idrissi752@gmail.com,$2a$10$e8M1.A2m.0hZ4pS2gXv2d.7O3m5L.q2s9sXyZ.aK9x.1e8Z,STAFF,PENDING,488,2024-05-15T08:34:09
753,ilham_berrada_753,ilham.berrada753@gmail.com,$2a$10$e8M1.A2m.0hZ4pS2gXv2d.7O3m5L.q2s9sXyZ.aK9x.1e8Z,OWNER,DISABLED,33,2026-07-02T20:23:50
754,nadia_skalli_754,nadia.skalli754@gmail.com,$2a$10$e8M1.A2m.0hZ4pS2gXv2d.7O3m5L.q2s9sXyZ.aK9x.1e8Z,OWNER,ACTIVE,217,2024-11-14T12:16:40
755,siham_benjelloun_755,siham.benjelloun755@gmail.com,$2a$10$e8M1.A2m.0hZ4pS2gXv2d.7O3m5L.q2s9sXyZ.aK9x.1e8Z,OWNER,ACTIVE,281,2025-02-10T19:28:55
756,nadia_daoudi_756,nadia.daoudi756@gmail.com,$2a$10$e8M1.A2m.0hZ4pS2gXv2d.7O3m5L.q2s9sXyZ.aK9x.1e8Z,OWNER,DISABLED,189,2024-02-14T13:48:19
757,siham_alaoui_757,siham.alaoui757@gmail.com,$2a$10$e8M1.A2m.0hZ4pS2gXv2d.7O3m5L.q2s9sXyZ.aK9x.1e8Z,ADMIN,SUSPENDED,494,2025-09-23T20:10:44
758,nadia_el idrissi_758,nadia.el idrissi758@gmail.com,$2a$10$e8M1.A2m.0hZ4pS2gXv2d.7O3m5L.q2s9sXyZ.aK9x.1e8Z,STAFF,ACTIVE,204,2024-12-22T17:39:09
759,soufiane_naciri_759,soufiane.naciri759@gmail.com,$2a$10$e8M1.A2m.0hZ4pS2gXv2d.7O3m5L.q2s9sXyZ.aK9x.1e8Z,ADMIN,ACTIVE,155,2025-03-16T13:07:50
760,nadia_chraibi_760,nadia.chraibi760@gmail.com,$2a$10$e8M1.A2m.0hZ4pS2gXv2d.7O3m5L.q2s9sXyZ.aK9x.1e8Z,PHARMACIST,SUSPENDED,129,2026-08-21T17:06:02
761,mehdi_mansouri_761,mehdi.mansouri761@gmail.com,$2a$10$e8M1.A2m.0hZ4pS2gXv2d.7O3m5L.q2s9sXyZ.aK9x.1e8Z,OWNER,SUSPENDED,171,2026-07-07T13:13:12
762,amine_el idrissi_762,amine.el idrissi762@gmail.com,$2a$10$e8M1.A2m.0hZ4pS2gXv2d.7O3m5L.q2s9sXyZ.aK9x.1e8Z,ADMIN,ACTIVE,310,2025-09-27T09:44:31
763,saddik_tazi_763,saddik.tazi763@gmail.com,$2a$10$e8M1.A2m.0hZ4pS2gXv2d.7O3m5L.q2s9sXyZ.aK9x.1e8Z,STAFF,DISABLED,361,2026-07-17T20:21:07
764,siham_skalli_764,siham.skalli764@gmail.com,$2a$10$e8M1.A2m.0hZ4pS2gXv2d.7O3m5L.q2s9sXyZ.aK9x.1e8Z,STAFF,DISABLED,182,2026-10-06T16:27:24
765,zineb_bennani_765,zineb.bennani765@gmail.com,$2a$10$e8M1.A2m.0hZ4pS2gXv2d.7O3m5L.q2s9sXyZ.aK9x.1e8Z,STAFF,DISABLED,102,2024-02-03T18:01:39
766,nadia_benjelloun_766,nadia.benjelloun766@gmail.com,$2a$10$e8M1.A2m.0hZ4pS2gXv2d.7O3m5L.q2s9sXyZ.aK9x.1e8Z,STAFF,ACTIVE,455,2026-10-26T08:42:18
767,nadia_alaoui_767,nadia.alaoui767@gmail.com,$2a$10$e8M1.A2m.0hZ4pS2gXv2d.7O3m5L.q2s9sXyZ.aK9x.1e8Z,OWNER,SUSPENDED,391,2024-04-28T15:07:22
768,saddik_tazi_768,saddik.tazi768@gmail.com,$2a$10$e8M1.A2m.0hZ4pS2gXv2d.7O3m5L.q2s9sXyZ.aK9x.1e8Z,STAFF,ACTIVE,384,2024-09-10T12:56:42
769,karim_chraibi_769,karim.chraibi769@gmail.com,$2a$10$e8M1.A2m.0hZ4pS2gXv2d.7O3m5L.q2s9sXyZ.aK9x.1e8Z,STAFF,PENDING,5,2025-01-01T08:09:50
770,meryem_bennani_770,meryem.bennani770@gmail.com,$2a$10$e8M1.A2m.0hZ4pS2gXv2d.7O3m5L.q2s9sXyZ.aK9x.1e8Z,ADMIN,DISABLED,175,2026-07-08T16:25:12
771,othmane_bennani_771,othmane.bennani771@gmail.com,$2a$10$e8M1.A2m.0hZ4pS2gXv2d.7O3m5L.q2s9sXyZ.aK9x.1e8Z,PHARMACIST,SUSPENDED,132,2026-07-24T10:25:57
772,soufiane_daoudi_772,soufiane.daoudi772@gmail.com,$2a$10$e8M1.A2m.0hZ4pS2gXv2d.7O3m5L.q2s9sXyZ.aK9x.1e8Z,OWNER,SUSPENDED,237,2024-12-26T10:32:07
773,othmane_bennani_773,othmane.bennani773@gmail.com,$2a$10$e8M1.A2m.0hZ4pS2gXv2d.7O3m5L.q2s9sXyZ.aK9x.1e8Z,ADMIN,PENDING,331,2024-02-03T08:27:00
774,fatima_el amrani_774,fatima.el amrani774@gmail.com,$2a$10$e8M1.A2m.0hZ4pS2gXv2d.7O3m5L.q2s9sXyZ.aK9x.1e8Z,PHARMACIST,SUSPENDED,26,2026-12-05T15:40:40
775,meryem_berrada_775,meryem.berrada775@gmail.com,$2a$10$e8M1.A2m.0hZ4pS2gXv2d.7O3m5L.q2s9sXyZ.aK9x.1e8Z,OWNER,PENDING,305,2024-09-27T11:46:49
776,othmane_kabbaj_776,othmane.kabbaj776@gmail.com,$2a$10$e8M1.A2m.0hZ4pS2gXv2d.7O3m5L.q2s9sXyZ.aK9x.1e8Z,ADMIN,ACTIVE,282,2024-03-21T08:40:37
777,khadija_benjelloun_777,khadija.benjelloun777@gmail.com,$2a$10$e8M1.A2m.0hZ4pS2gXv2d.7O3m5L.q2s9sXyZ.aK9x.1e8Z,STAFF,ACTIVE,110,2024-05-09T10:05:04
778,ilham_bennani_778,ilham.bennani778@gmail.com,$2a$10$e8M1.A2m.0hZ4pS2gXv2d.7O3m5L.q2s9sXyZ.aK9x.1e8Z,ADMIN,PENDING,401,2024-08-26T08:26:04
779,ilham_naciri_779,ilham.naciri779@gmail.com,$2a$10$e8M1.A2m.0hZ4pS2gXv2d.7O3m5L.q2s9sXyZ.aK9x.1e8Z,PHARMACIST,PENDING,430,2025-06-21T15:51:10
780,siham_chraibi_780,siham.chraibi780@gmail.com,$2a$10$e8M1.A2m.0hZ4pS2gXv2d.7O3m5L.q2s9sXyZ.aK9x.1e8Z,PHARMACIST,PENDING,33,2024-06-12T15:39:38
781,houda_el amrani_781,houda.el amrani781@gmail.com,$2a$10$e8M1.A2m.0hZ4pS2gXv2d.7O3m5L.q2s9sXyZ.aK9x.1e8Z,OWNER,DISABLED,125,2024-10-01T16:01:33
782,reda_kabbaj_782,reda.kabbaj782@gmail.com,$2a$10$e8M1.A2m.0hZ4pS2gXv2d.7O3m5L.q2s9sXyZ.aK9x.1e8Z,OWNER,PENDING,374,2024-04-01T13:08:14
783,omar_mansouri_783,omar.mansouri783@gmail.com,$2a$10$e8M1.A2m.0hZ4pS2gXv2d.7O3m5L.q2s9sXyZ.aK9x.1e8Z,OWNER,DISABLED,281,2025-04-03T13:45:35
784,zineb_skalli_784,zineb.skalli784@gmail.com,$2a$10$e8M1.A2m.0hZ4pS2gXv2d.7O3m5L.q2s9sXyZ.aK9x.1e8Z,STAFF,SUSPENDED,525,2025-04-09T10:12:43
785,karim_tazi_785,karim.tazi785@gmail.com,$2a$10$e8M1.A2m.0hZ4pS2gXv2d.7O3m5L.q2s9sXyZ.aK9x.1e8Z,PHARMACIST,DISABLED,170,2024-12-16T14:56:28
786,nadia_tahiri_786,nadia.tahiri786@gmail.com,$2a$10$e8M1.A2m.0hZ4pS2gXv2d.7O3m5L.q2s9sXyZ.aK9x.1e8Z,ADMIN,DISABLED,111,2026-07-14T11:36:22
787,meryem_naciri_787,meryem.naciri787@gmail.com,$2a$10$e8M1.A2m.0hZ4pS2gXv2d.7O3m5L.q2s9sXyZ.aK9x.1e8Z,PHARMACIST,SUSPENDED,172,2024-09-09T17:26:18
788,reda_el idrissi_788,reda.el idrissi788@gmail.com,$2a$10$e8M1.A2m.0hZ4pS2gXv2d.7O3m5L.q2s9sXyZ.aK9x.1e8Z,STAFF,ACTIVE,118,2024-06-14T20:11:22
789,hassan_benjelloun_789,hassan.benjelloun789@gmail.com,$2a$10$e8M1.A2m.0hZ4pS2gXv2d.7O3m5L.q2s9sXyZ.aK9x.1e8Z,OWNER,DISABLED,381,2024-06-04T08:20:44
790,amine_mansouri_790,amine.mansouri790@gmail.com,$2a$10$e8M1.A2m.0hZ4pS2gXv2d.7O3m5L.q2s9sXyZ.aK9x.1e8Z,ADMIN,PENDING,477,2026-06-08T16:04:24
791,zineb_tahiri_791,zineb.tahiri791@gmail.com,$2a$10$e8M1.A2m.0hZ4pS2gXv2d.7O3m5L.q2s9sXyZ.aK9x.1e8Z,OWNER,PENDING,106,2026-05-23T17:56:51
792,omar_tahiri_792,omar.tahiri792@gmail.com,$2a$10$e8M1.A2m.0hZ4pS2gXv2d.7O3m5L.q2s9sXyZ.aK9x.1e8Z,STAFF,SUSPENDED,326,2025-04-07T08:51:31
793,ilham_el amrani_793,ilham.el amrani793@gmail.com,$2a$10$e8M1.A2m.0hZ4pS2gXv2d.7O3m5L.q2s9sXyZ.aK9x.1e8Z,ADMIN,SUSPENDED,123,2024-08-06T17:20:37
794,othmane_alaoui_794,othmane.alaoui794@gmail.com,$2a$10$e8M1.A2m.0hZ4pS2gXv2d.7O3m5L.q2s9sXyZ.aK9x.1e8Z,PHARMACIST,DISABLED,19,2026-10-01T15:18:08
795,othmane_el amrani_795,othmane.el amrani795@gmail.com,$2a$10$e8M1.A2m.0hZ4pS2gXv2d.7O3m5L.q2s9sXyZ.aK9x.1e8Z,PHARMACIST,DISABLED,17,2024-08-04T20:26:46
796,zineb_chraibi_796,zineb.chraibi796@gmail.com,$2a$10$e8M1.A2m.0hZ4pS2gXv2d.7O3m5L.q2s9sXyZ.aK9x.1e8Z,ADMIN,DISABLED,410,2024-09-25T13:31:39
797,youssef_tazi_797,youssef.tazi797@gmail.com,$2a$10$e8M1.A2m.0hZ4pS2gXv2d.7O3m5L.q2s9sXyZ.aK9x.1e8Z,ADMIN,SUSPENDED,506,2026-02-27T13:39:06
798,amine_alaoui_798,amine.alaoui798@gmail.com,$2a$10$e8M1.A2m.0hZ4pS2gXv2d.7O3m5L.q2s9sXyZ.aK9x.1e8Z,PHARMACIST,ACTIVE,143,2024-06-28T19:46:27
799,hassan_berrada_799,hassan.berrada799@gmail.com,$2a$10$e8M1.A2m.0hZ4pS2gXv2d.7O3m5L.q2s9sXyZ.aK9x.1e8Z,PHARMACIST,PENDING,378,2026-01-23T08:16:56
800,youssef_benjelloun_800,youssef.benjelloun800@gmail.com,$2a$10$e8M1.A2m.0hZ4pS2gXv2d.7O3m5L.q2s9sXyZ.aK9x.1e8Z,PHARMACIST,DISABLED,77,2025-06-23T17:50:51
801,othmane_chraibi_801,othmane.chraibi801@gmail.com,$2a$10$e8M1.A2m.0hZ4pS2gXv2d.7O3m5L.q2s9sXyZ.aK9x.1e8Z,OWNER,PENDING,472,2024-03-11T10:48:37
802,nadia_naciri_802,nadia.naciri802@gmail.com,$2a$10$e8M1.A2m.0hZ4pS2gXv2d.7O3m5L.q2s9sXyZ.aK9x.1e8Z,STAFF,ACTIVE,535,2026-04-19T15:42:31
803,karim_el idrissi_803,karim.el idrissi803@gmail.com,$2a$10$e8M1.A2m.0hZ4pS2gXv2d.7O3m5L.q2s9sXyZ.aK9x.1e8Z,STAFF,PENDING,95,2025-05-23T09:22:35
804,hassan_naciri_804,hassan.naciri804@gmail.com,$2a$10$e8M1.A2m.0hZ4pS2gXv2d.7O3m5L.q2s9sXyZ.aK9x.1e8Z,OWNER,ACTIVE,77,2025-01-07T08:42:13
805,saddik_bennani_805,saddik.bennani805@gmail.com,$2a$10$e8M1.A2m.0hZ4pS2gXv2d.7O3m5L.q2s9sXyZ.aK9x.1e8Z,STAFF,PENDING,500,2024-06-07T17:48:33
806,reda_bennani_806,reda.bennani806@gmail.com,$2a$10$e8M1.A2m.0hZ4pS2gXv2d.7O3m5L.q2s9sXyZ.aK9x.1e8Z,ADMIN,DISABLED,465,2026-03-28T16:06:58
807,fatima_alaoui_807,fatima.alaoui807@gmail.com,$2a$10$e8M1.A2m.0hZ4pS2gXv2d.7O3m5L.q2s9sXyZ.aK9x.1e8Z,ADMIN,SUSPENDED,464,2026-09-07T20:25:12
808,omar_chraibi_808,omar.chraibi808@gmail.com,$2a$10$e8M1.A2m.0hZ4pS2gXv2d.7O3m5L.q2s9sXyZ.aK9x.1e8Z,STAFF,PENDING,315,2026-11-04T10:29:56
809,khadija_mansouri_809,khadija.mansouri809@gmail.com,$2a$10$e8M1.A2m.0hZ4pS2gXv2d.7O3m5L.q2s9sXyZ.aK9x.1e8Z,PHARMACIST,PENDING,17,2025-03-09T08:30:42
810,reda_skalli_810,reda.skalli810@gmail.com,$2a$10$e8M1.A2m.0hZ4pS2gXv2d.7O3m5L.q2s9sXyZ.aK9x.1e8Z,ADMIN,DISABLED,122,2026-02-12T14:13:09
811,othmane_daoudi_811,othmane.daoudi811@gmail.com,$2a$10$e8M1.A2m.0hZ4pS2gXv2d.7O3m5L.q2s9sXyZ.aK9x.1e8Z,STAFF,DISABLED,55,2025-05-12T09:03:41
812,othmane_mansouri_812,othmane.mansouri812@gmail.com,$2a$10$e8M1.A2m.0hZ4pS2gXv2d.7O3m5L.q2s9sXyZ.aK9x.1e8Z,STAFF,PENDING,302,2024-07-06T17:17:33
813,ilham_daoudi_813,ilham.daoudi813@gmail.com,$2a$10$e8M1.A2m.0hZ4pS2gXv2d.7O3m5L.q2s9sXyZ.aK9x.1e8Z,STAFF,ACTIVE,52,2026-04-04T11:07:03
814,youssef_tahiri_814,youssef.tahiri814@gmail.com,$2a$10$e8M1.A2m.0hZ4pS2gXv2d.7O3m5L.q2s9sXyZ.aK9x.1e8Z,ADMIN,PENDING,68,2026-02-09T11:56:39
815,othmane_tazi_815,othmane.tazi815@gmail.com,$2a$10$e8M1.A2m.0hZ4pS2gXv2d.7O3m5L.q2s9sXyZ.aK9x.1e8Z,STAFF,ACTIVE,226,2026-12-09T15:13:10
816,mehdi_el idrissi_816,mehdi.el idrissi816@gmail.com,$2a$10$e8M1.A2m.0hZ4pS2gXv2d.7O3m5L.q2s9sXyZ.aK9x.1e8Z,ADMIN,DISABLED,4,2024-03-17T19:39:30
817,zineb_bennani_817,zineb.bennani817@gmail.com,$2a$10$e8M1.A2m.0hZ4pS2gXv2d.7O3m5L.q2s9sXyZ.aK9x.1e8Z,OWNER,PENDING,323,2026-02-06T10:21:57
818,saddik_berrada_818,saddik.berrada818@gmail.com,$2a$10$e8M1.A2m.0hZ4pS2gXv2d.7O3m5L.q2s9sXyZ.aK9x.1e8Z,PHARMACIST,SUSPENDED,439,2025-01-06T12:56:04
819,siham_naciri_819,siham.naciri819@gmail.com,$2a$10$e8M1.A2m.0hZ4pS2gXv2d.7O3m5L.q2s9sXyZ.aK9x.1e8Z,PHARMACIST,DISABLED,486,2026-01-16T11:30:07
820,youssef_bennani_820,youssef.bennani820@gmail.com,$2a$10$e8M1.A2m.0hZ4pS2gXv2d.7O3m5L.q2s9sXyZ.aK9x.1e8Z,PHARMACIST,DISABLED,234,2026-09-06T20:09:49
